position0,position1,position2,position3,position4,position5,position6,position7,position8,position9,position10,position11,position12,position13,position14,position15,position16,position17,position18,position19,position20,position21,position22,position23,position24,position25,position26,position27,position28,position29,position30,position31,position32,position33,position34,position35,position36,position37,position38,position39,position40,position41,position42,position43,position44,position45,position46,position47,velocity0,velocity1,velocity2,velocity3,velocity4,velocity5,velocity6,velocity7,velocity8,velocity9,velocity10,velocity11,velocity12,velocity13,velocity14,velocity15,velocity16,velocity17,velocity18,velocity19,velocity20,velocity21,velocity22,velocity23,velocity24,velocity25,velocity26,velocity27,velocity28,velocity29,velocity30,velocity31,velocity32,velocity33,velocity34,velocity35,velocity36,velocity37,velocity38,velocity39,velocity40,velocity41,velocity42,velocity43,velocity44,velocity45,velocity46,velocity47,multiplier0,multiplier1,multiplier2,multiplier3,multiplier4,multiplier5,multiplier6,multiplier7,multiplier8,multiplier9,multiplier10,multiplier11,multiplier12,multiplier13,multiplier14,multiplier15,multiplier16,multiplier17,multiplier18,multiplier19,multiplier20,multiplier21,multiplier22,multiplier23,multiplier24,multiplier25,multiplier26,multiplier27,multiplier28,multiplier29,multiplier30,multiplier31,multiplier32,multiplier33,multiplier34,multiplier35,time,system_total_energy_current_time,system_total_energy_interval_increment,system_angular_momentum_x_current_time,system_angular_momentum_y_current_time,system_angular_momentum_z_current_time,body_dimension_x_current_time_0,body_dimension_x_current_time_1,body_dimension_x_current_time_2,body_dimension_x_current_time_3,body_dimension_y_current_time_0,body_dimension_y_current_time_1,body_dimension_y_current_time_2,body_dimension_y_current_time_3,body_dimension_z_current_time_0,body_dimension_z_current_time_1,body_dimension_z_current_time_2,body_dimension_z_current_time_3
5,0,0,1,0,0,0,1,0,0,0,1,0,5,0,1,0,0,0,1,0,0,0,1,-5,0,0,1,0,0,0,1,0,0,0,1,0,-5,0,1,0,0,0,1,0,0,0,1,0,0,0,0,0,0,0,0,0,0,0,0,0,0,0,0,0,0,0,0,0,0,0,0,0,0,0,0,0,0,0,0,0,0,0,0,0,0,0,0,0,0,0,0,0,0,0,0,0,0,0,0,0,0,0,0,0,0,0,0,0,0,0,0,0,0,0,0,0,0,0,0,0,0,0,0,0,0,0,0,0,0,0,0,0,0,8.80082E+11,0,0,0,1,10,1,10,10,1,10,1,1,1,1,1
5.009998027,-1.58E-23,-2.74E-19,1,7.20E-21,-3.23E-20,-7.16E-21,0.999999106,0.001337327,3.23E-20,-0.001337327,0.999999106,0.01,4.999997523,0.002244388,0.999999605,-3.99E-07,0.000888449,3.99E-07,1,1.77E-10,-0.000888449,1.77E-10,0.999999605,-4.989998027,-2.08E-23,1.30E-19,1,1.42E-20,-3.12E-24,-1.42E-20,0.999999903,-0.000439572,-3.12E-24,0.000439572,0.999999903,0.01,-4.999997523,-0.002244388,0.999999605,3.99E-07,-0.000888449,-3.99E-07,1,1.77E-10,0.000888449,1.77E-10,0.999999605,0.199960533,-3.17E-22,-5.49E-18,3.50E-35,1.44E-19,-6.45E-19,-1.43E-19,-1.79E-05,0.026746538,6.46E-19,-0.026746538,-1.79E-05,0.2,-4.95E-05,0.04488776,-7.89E-06,-7.98E-06,0.017768986,7.98E-06,-1.59E-12,3.54E-09,-0.017768986,3.54E-09,-7.89E-06,0.200039467,-4.15E-22,2.59E-18,2.84E-35,2.84E-19,-6.25E-23,-2.84E-19,-1.93E-06,-0.008791433,-6.25E-23,0.008791433,-1.93E-06,0.2,4.95E-05,-0.04488776,-7.89E-06,7.98E-06,-0.017768986,-7.98E-06,-1.59E-12,3.54E-09,0.017768986,3.54E-09,-7.89E-06,2.23E-38,0.00645688,-1.59E-18,-1.43E-18,3.21E-22,-59.55422417,200.0264167,-1.13E-27,-1.24E-20,-0.000132935,0.296149817,8.57E-24,-3.53E-44,0.019644031,1.30E-21,-4.74E-18,-2.04E-37,-0.146523897,200.0264167,-2.01E-27,1.43E-21,0.000132935,-0.296149817,-1.38E-24,-30.00197336,0.003152395,-3.748829971,-10.00197336,-0.001801773,0.739946077,10.00197336,-0.001801773,0.739946077,30.00197336,0.003152395,-3.748829971,0.1,0.880081744,1.31788E+13,5.999997317,4.44E-16,0,1,10,1,10,10,1,10,1,1,1,1,1
5.059930212,5.88E-22,-1.40E-18,1,-8.39E-19,-9.29E-19,8.47E-19,0.999968186,0.007976662,9.23E-19,-0.007976662,0.999968186,0.06,4.999912078,0.013466138,0.999986042,-1.42E-05,0.005283434,1.42E-05,1,4.81E-08,-0.005283434,2.71E-08,0.999986043,-4.939930212,-1.73E-21,7.09E-19,1,-5.66E-19,1.02E-21,5.66E-19,0.999996645,-0.002590207,4.47E-22,0.002590207,0.999996645,0.06,-4.999912078,-0.013466138,0.999986042,1.42E-05,-0.005283434,-1.42E-05,1,4.81E-08,0.005283434,2.71E-08,0.999986043,0.79868318,1.24E-20,-1.70E-17,1.54E-32,-1.71E-17,-1.73E-17,1.72E-17,-0.000600513,0.106040168,1.72E-17,-0.106040168,-0.000600513,0.8,-0.00165935,0.179547245,-0.000263364,-0.000268643,0.070130719,0.000268642,-2.02E-09,9.55E-07,-0.070130719,5.34E-07,-0.000263362,0.80131682,-3.38E-20,9.00E-18,1.92E-33,-1.19E-17,2.05E-20,1.19E-17,-6.32E-05,-0.03422127,9.07E-21,0.03422127,-6.32E-05,0.8,0.00165935,-0.179547245,-0.000263364,0.000268643,-0.070130719,-0.000268642,-2.02E-09,9.55E-07,0.070130719,5.34E-07,-0.000263362,5.13E-34,0.679046242,0.001777925,3.74E-16,3.10E-19,-178.6784013,600.8572267,9.46E-10,0.000782349,-0.004344462,0.872706643,-2.46E-06,4.72E-34,0.632516375,0.000189764,2.03E-16,-3.53E-20,-0.42383191,600.8572267,9.46E-10,0.000782349,0.004344462,-0.872706643,-2.46E-06,-90.06386762,0.102869332,-11.32550804,-30.06386762,-0.058111498,2.140440396,30.06386762,-0.058111498,2.140440396,90.06386762,0.102869332,-11.32550804,0.2,14.05889302,5.68513E+13,23.99979895,1.78E-15,-7.11E-15,1,10,1,10,10,1,10,1,1,1,1,1
5.189325473,1.31E-20,-2.04E-18,1,-2.20E-18,-6.16E-18,2.35E-18,0.999688642,0.024952323,6.10E-18,-0.024952323,0.999688642,0.19,4.999143647,0.042637774,0.999865095,-0.000140087,0.016424768,0.00014008,0.99999999,1.56E-06,-0.016424768,7.41E-07,0.999865104,-4.809325473,-2.26E-21,-5.48E-19,1,-2.82E-18,1.32E-20,2.82E-18,0.999968817,-0.007897214,9.07E-21,0.007897214,0.999968817,0.19,-4.999143647,-0.042637774,0.999865095,0.000140087,-0.016424768,-0.00014008,0.99999999,1.56E-06,0.016424768,7.41E-07,0.999865104,1.789222031,2.37E-19,4.19E-18,1.70E-30,-1.01E-17,-8.73E-17,1.29E-17,-0.00499036,0.233473054,8.64E-17,-0.233473054,-0.00499036,1.8,-0.013709275,0.403885472,-0.002155594,-0.002248505,0.152695959,0.002248372,-1.92E-07,2.93E-05,-0.15269596,1.37E-05,-0.002155402,1.810777969,2.32E-20,-3.41E-17,5.46E-30,-3.31E-17,2.22E-19,3.31E-17,-0.00049335,-0.071918865,1.63E-19,0.071918865,-0.00049335,1.8,0.013709275,-0.403885472,-0.002155594,0.002248505,-0.152695959,-0.002248372,-1.92E-07,2.93E-05,0.15269596,1.37E-05,-0.002155402,8.04E-32,6.506465216,0.019092842,9.50E-16,8.50E-18,-297.8751253,1006.389811,3.12E-07,0.008297985,-0.032999206,1.37636995,-0.000113965,3.23E-32,4.641090042,0.001937016,3.54E-16,-1.51E-18,-0.628324416,1006.389811,3.12E-07,0.008297985,0.032999206,-1.37636995,-0.000113965,-150.4730574,0.776899828,-19.25850718,-50.47305744,-0.428092669,3.175315585,50.47305744,-0.428092669,3.175315585,150.4730574,0.776899828,-19.25850718,0.3,70.91020251,1.51751E+14,53.99763707,0,-2.84E-14,1,10,1,10,10,1,10,1,1,1,1,1
5.436614797,-1.64E-19,-6.43E-18,1,-4.00E-18,-2.69E-17,5.51E-18,0.998401301,0.056522929,2.66E-17,-0.056522929,0.998401301,0.44,4.995640022,0.098692469,0.999322959,-0.000726703,0.036784435,0.000726523,0.999999736,1.83E-05,-0.036784439,8.47E-06,0.999323223,-4.556614797,1.06E-19,4.42E-18,1,-4.22E-18,2.56E-20,4.22E-18,0.999854707,-0.017045942,4.63E-20,0.017045942,0.999854707,0.44,-4.995640022,-0.098692469,0.999322959,0.000726703,-0.036784435,-0.000726523,0.999999736,1.83E-05,0.036784439,8.47E-06,0.999323223,3.156564452,-3.78E-18,-9.22E-17,2.27E-28,-2.60E-17,-3.28E-16,5.04E-17,-0.02075646,0.397939063,3.24E-16,-0.397939063,-0.02075646,3.2,-0.056363231,0.717208416,-0.00868711,-0.009483814,0.25449738,0.009480478,-4.89E-06,0.000304791,-0.254497449,0.000140905,-0.008682217,3.243435548,2.14E-18,1.33E-16,1.87E-29,5.03E-18,2.69E-20,-5.03E-18,-0.001788832,-0.111055697,5.81E-19,0.111055697,-0.001788832,3.2,0.056363231,-0.717208416,-0.00868711,0.009483814,-0.25449738,-0.009480478,-4.89E-06,0.000304791,0.254497449,0.000140905,-0.008682217,4.81E-29,24.14083882,0.075444568,7.17E-15,4.13E-17,-417.2501268,1422.371792,1.30E-05,0.031801447,-0.120620878,1.699073986,-0.001383277,9.10E-29,15.70582161,0.006727389,-6.36E-16,-4.67E-18,-0.652505916,1422.371792,1.30E-05,0.031801447,0.120620878,-1.699073986,-0.001383277,-211.632879,2.803315793,-28.01868161,-71.63287896,-1.462079845,3.313612745,71.63287896,-1.462079845,3.313612745,211.632879,2.803315793,-28.01868161,0.4,222.6612413,3.15921E+14,95.98715428,3.55E-15,-5.68E-14,1,10,1,10,10,1,10,1,1,1,1,1
5.838652429,-6.11E-19,-1.41E-17,1,-1.01E-17,-1.03E-16,2.09E-17,0.994433638,0.105364794,1.01E-16,-0.105364794,0.994433638,0.85,4.985017685,0.190398895,0.997730486,-0.002569899,0.067285015,0.00256773,0.999996696,0.000118714,-0.067285098,5.43E-05,0.997733788,-4.138652429,2.36E-19,-1.67E-18,1,-1.95E-17,4.22E-19,1.95E-17,0.999573436,-0.029205236,1.46E-19,0.029205236,0.999573436,0.85,-4.985017685,-0.190398895,0.997730486,0.002569899,-0.067285015,-0.00256773,0.999996696,0.000118714,0.067285098,5.43E-05,0.997733788,4.884188188,-5.16E-18,-6.20E-17,-2.27E-28,-9.68E-17,-1.20E-15,2.58E-16,-0.058596809,0.578898243,1.17E-15,-0.578898243,-0.058596809,5,-0.156083506,1.116920117,-0.023162362,-0.027380108,0.35551422,0.027343673,-5.59E-05,0.001704219,-0.355515735,0.000776128,-0.023106484,5.115811812,4.62E-19,-2.55E-16,-1.87E-29,-3.10E-16,7.90E-18,3.10E-16,-0.003836593,-0.132130196,1.42E-18,0.132130196,-0.003836593,5,0.156083506,-1.116920117,-0.023162362,0.027380108,-0.35551422,-0.027343673,-5.59E-05,0.001704219,0.355515735,0.000776128,-0.023106484,3.78E-27,56.12278041,0.192259168,3.61E-14,3.16E-16,-536.9419337,1851.022234,0.000179103,0.076239158,-0.298566218,1.694080979,-0.007799499,3.12E-28,33.46636595,0.012998938,5.25E-15,-9.85E-18,-0.351943501,1851.022234,0.000179103,0.076239158,0.298566218,-1.694080979,-0.007799499,-273.6188132,6.797401398,-38.11997673,-93.61881323,-3.174626039,1.851193356,93.61881323,-3.174626039,1.851193356,273.6188132,6.797401398,-38.11997673,0.5,538.5818811,4.47962E+14,149.9547371,3.55E-15,-8.53E-14,1,10,1,10,10,1,10,1,1,1,1,1
6.411853267,-2.36E-18,-1.53E-17,1,1.21E-17,-2.96E-16,3.84E-17,0.985432309,0.170068115,2.94E-16,-0.170068115,0.985432309,1.44,4.961437091,0.321662713,0.994370653,-0.006855109,0.105735573,0.006840415,0.999976478,0.000501629,-0.105736524,0.00022447,0.994394156,-3.531853267,-1.60E-18,-3.39E-18,1,-3.55E-17,9.45E-19,3.55E-17,0.999142527,-0.04140303,5.23E-19,0.04140303,0.999142527,1.44,-4.961437091,-0.321662713,0.994370653,0.006855109,-0.105735573,-0.006840415,0.999976478,0.000501629,0.105736524,0.00022447,0.994394156,6.579828562,-2.98E-17,3.93E-17,4.21E-28,5.42E-16,-2.66E-15,9.08E-17,-0.121429762,0.715168174,2.68E-15,-0.715168174,-0.121429762,6.8,-0.315528382,1.508356245,-0.044034288,-0.058324086,0.413496925,0.058110011,-0.000348463,0.005954074,-0.413512786,0.002626775,-0.04368617,7.020171438,-3.71E-17,2.21E-16,3.35E-29,-1.00E-17,2.56E-18,1.00E-17,-0.004781591,-0.111825676,6.12E-18,0.111825676,-0.004781591,6.8,0.315528382,-1.508356245,-0.044034288,0.058324086,-0.413496925,-0.058110011,-0.000348463,0.005954074,0.413512786,0.002626775,-0.04368617,-3.66E-27,93.71533737,0.362334904,9.72E-14,1.06E-15,-537.6049242,1877.030453,0.001221476,0.129057394,-0.517092679,0.992992235,-0.026200966,-3.12E-28,45.64264423,0.013844052,-5.00E-15,-8.75E-17,0.337647941,1877.030453,0.001221476,0.129057394,0.517092679,-0.992992235,-0.026200966,-275.2179813,11.46130734,-40.69139034,-95.21798128,-4.483180299,-1.547777505,95.21798128,-4.483180299,-1.547777505,275.2179813,11.46130734,-40.69139034,0.6,986.5439383,4.36941E+14,203.8971253,0,-1.14E-13,1,10,1,10,10,1,10,1,1,1,1,1
7.134959109,-1.57E-18,-1.62E-17,1,9.95E-17,-6.39E-16,5.99E-17,0.969609477,0.244657847,6.44E-16,-0.244657847,0.969609477,2.19,4.920916276,0.487035517,0.988991822,-0.014573778,0.147250743,0.014511164,0.999893583,0.001499514,-0.147256927,0.000653773,0.989098059,-2.754959109,-2.43E-18,-9.77E-18,1,-5.34E-17,1.81E-18,5.34E-17,0.998757033,-0.04984364,8.51E-19,0.04984364,0.998757033,2.19,-4.920916276,-0.487035517,0.988991822,0.014573778,-0.147250743,-0.014511164,0.999893583,0.001499514,0.147256927,0.000653773,0.989098059,7.88228829,4.55E-17,-5.70E-17,-4.25E-28,1.20E-15,-4.19E-15,3.39E-16,-0.195026881,0.776626451,4.33E-15,-0.776626451,-0.195026881,8.2,-0.494887906,1.799099831,-0.063542342,-0.0960493,0.416806485,0.09530498,-0.00130944,0.01400362,-0.416895264,0.005959284,-0.062235768,8.51771171,2.05E-17,-3.48E-16,-3.36E-29,-3.48E-16,1.48E-17,3.49E-16,-0.002928282,-0.056986519,4.31E-19,0.056986519,-0.002928282,8.2,0.494887906,-1.799099831,-0.063542342,0.0960493,-0.416806485,-0.09530498,-0.00130944,0.01400362,0.416895264,0.005959284,-0.062235768,7.04E-27,114.1981442,0.494039331,1.89E-13,1.02E-15,-418.7425378,1477.325795,0.00463368,0.149794134,-0.632187423,0.095650712,-0.054652076,5.59E-28,40.57463627,0.00542162,5.64E-15,5.41E-17,0.914451623,1477.325795,0.00463368,0.149794134,0.632187423,-0.095650712,-0.054652076,-214.8770136,13.72622162,-33.50484788,-74.87701362,-4.20973082,-4.430489304,74.87701362,-4.20973082,-4.430489304,214.8770136,13.72622162,-33.50484788,0.7,1423.484728,3.58288E+14,245.8360784,-7.11E-15,-5.68E-14,1,10,1,10,10,1,10,1,1,1,1,1
7.969693174,2.34E-18,-1.49E-17,1,3.10E-16,-1.10E-15,6.23E-17,0.946504084,0.322691833,1.14E-15,-0.322691833,0.946504084,3.06,4.862865102,0.676483602,0.981938635,-0.026068936,0.187395112,0.025880278,0.999659084,0.003453689,-0.18742126,0.001458527,0.982278547,-1.849693174,3.66E-19,-1.21E-17,1,-5.68E-17,1.97E-18,5.68E-17,0.998641957,-0.052098392,9.90E-19,0.052098392,0.998641957,3.06,-4.862865102,-0.676483602,0.981938635,0.026068936,-0.187395112,-0.025880278,0.999659084,0.003453689,0.18742126,0.001458527,0.982278547,8.812393006,3.28E-17,8.24E-17,8.19E-28,3.00E-15,-5.06E-15,-2.91E-16,-0.267080981,0.784053271,5.65E-15,-0.784053271,-0.267080981,9.2,-0.66613558,1.989861874,-0.077521399,-0.133853865,0.386080897,0.132077289,-0.003380552,0.02507989,-0.386391404,0.010135792,-0.074154469,9.587606994,3.53E-17,3.02E-16,5.87E-28,2.80E-16,-1.16E-17,-2.80E-16,0.000626749,0.011891478,2.35E-18,-0.011891478,0.000626749,9.2,0.66613558,-1.989861874,-0.077521399,0.133853865,-0.386080897,-0.132077289,-0.003380552,0.02507989,0.386391404,0.010135792,-0.074154469,-6.82E-27,119.0272867,0.558634288,2.42E-13,1.14E-15,-299.5399841,1062.000169,0.010843064,0.140464633,-0.635838975,-0.466565004,-0.079404171,-5.59E-28,29.26689407,-0.000330213,-1.05E-14,-9.54E-17,1.149495205,1062.000169,0.010843064,0.140464633,0.635838975,0.466565004,-0.079404171,-153.4947642,13.90270204,-24.72426104,-53.49476417,-3.222065305,-5.648056773,53.49476417,-3.222065305,-5.648056773,153.4947642,13.90270204,-24.72426104,0.8,1781.772977,2.33065E+14,275.7864047,3.55E-15,-1.14E-13,1,10,1,10,10,1,10,1,1,1,1,1
8.878746683,3.68E-18,-1.07E-17,1,6.37E-16,-1.63E-15,6.94E-17,0.916562081,0.399892424,1.75E-15,-0.399892424,0.916562081,4.01,4.78854105,0.880095945,0.973749337,-0.041146129,0.223873236,0.040703184,0.999149517,0.006594964,-0.223954192,0.002690512,0.974595958,-0.858746683,-8.28E-19,-1.62E-17,1,-5.74E-17,1.97E-18,5.75E-17,0.998854339,-0.047854047,7.77E-19,0.047854047,0.998854339,4.01,-4.78854105,-0.880095945,0.973749337,0.041146129,-0.223873236,-0.040703184,0.999149517,0.006594964,0.223954192,0.002690512,0.974595958,9.368677172,-5.99E-18,8.40E-19,-5.76E-28,3.54E-15,-5.58E-15,4.33E-16,-0.331759075,0.759958565,6.54E-15,-0.759958565,-0.331759075,9.8,-0.820345449,2.082384968,-0.086264566,-0.167689985,0.343481571,0.164380847,-0.006810779,0.037745599,-0.344267242,0.014503918,-0.079497317,10.23132283,-5.92E-17,-3.84E-16,-5.65E-28,-2.93E-16,1.16E-17,2.93E-16,0.003620895,0.072995422,-6.61E-18,-0.072995422,0.003620895,9.8,0.820345449,-2.082384968,-0.086264566,0.167689985,-0.343481571,-0.164380847,-0.006810779,0.037745599,0.344267242,0.014503918,-0.079497317,1.38E-26,124.6095029,0.575611767,2.55E-13,-1.41E-15,-179.9845958,643.3387365,0.019083695,0.115738802,-0.572026125,-0.666026987,-0.095722845,9.79E-27,24.51068965,0.000527883,9.55E-15,9.11E-17,1.019622721,643.3387365,0.019083695,0.115738802,0.572026125,0.666026987,-0.095722845,-92.18579169,12.72092628,-14.27272694,-32.18579169,-2.700060654,-5.020417491,32.18579169,-2.700060654,-5.020417491,92.18579169,12.72092628,-14.27272694,0.9,2014.837707,8.05392E+13,293.7555506,-1.78E-14,0,1,10,1,10,10,1,10,1,1,1,1,1
9.823718846,6.22E-18,-7.09E-18,1,1.08E-15,-2.16E-15,7.30E-17,0.880514508,0.474019199,2.42E-15,-0.474019199,0.880514508,5,4.699404058,1.088055608,0.964743769,-0.059366303,0.256408077,0.058496691,0.998226729,0.011024274,-0.256607866,0.004363425,0.966505749,0.176281154,3.89E-19,-1.92E-17,1,-5.37E-17,1.88E-18,5.37E-17,0.999247115,-0.038796956,2.00E-19,0.038796956,0.999247115,5,-4.699404058,-1.088055608,0.964743769,0.059366303,-0.256408077,-0.058496691,0.998226729,0.011024274,0.256607866,0.004363425,0.966505749,9.530766082,5.69E-17,7.19E-17,6.44E-28,5.33E-15,-4.97E-15,-3.62E-16,-0.389192384,0.722576918,6.72E-15,-0.722576918,-0.389192384,10,-0.962394406,2.076808295,-0.093846784,-0.196713503,0.307215259,0.191489277,-0.011644979,0.050840602,-0.308806239,0.018954332,-0.082306852,10.46923392,8.36E-17,3.24E-16,5.83E-28,3.68E-16,-1.34E-17,-3.68E-16,0.004234622,0.1081464,-4.93E-18,-0.1081464,0.004234622,10,0.962394406,-2.076808295,-0.093846784,0.196713503,-0.307215259,-0.191489277,-0.011644979,0.050840602,0.308806239,0.018954332,-0.082306852,-9.36E-27,143.2874333,0.567131269,9.39E-14,-3.88E-16,-60.14179123,232.3653121,0.028076279,0.093632054,-0.494554346,-0.558073823,-0.103015869,-9.42E-27,34.42102189,0.007581735,-1.10E-14,-6.05E-17,0.585748706,232.3653121,0.028076279,0.093632054,0.494554346,0.558073823,-0.103015869,-31.89555451,10.71364817,-2.251709641,-11.89555451,-3.491247491,-2.809377008,11.89555451,-3.491247491,-2.809377008,31.89555451,10.71364817,-2.251709641,1,2095.376897,0,299.7453593,-4.62E-14,-1.14E-13,1,10,1,10,10,1,10,1,1,1,1,1
10.77475415,1.17E-17,4.53E-18,1,1.62E-15,-2.64E-15,7.65E-17,0.838933635,0.544233733,3.09E-15,-0.544233733,0.838933635,6,4.596414159,1.292769906,0.954950829,-0.080349197,0.285679752,0.078843609,0.996745632,0.016787823,-0.286098933,0.006492477,0.958178088,1.225245854,-5.44E-19,-1.50E-18,1,-6.66E-17,2.17E-18,6.66E-17,0.999632029,-0.02712577,-3.61E-19,0.02712577,0.999632029,6,-4.596414159,-1.292769906,0.954950829,0.080349197,-0.285679752,-0.078843609,0.996745632,0.016787823,0.286098933,0.006492477,0.958178088,9.489939918,5.29E-17,1.61E-16,-6.81E-28,5.45E-15,-4.55E-15,4.32E-16,-0.442425082,0.68171377,6.85E-15,-0.68171377,-0.442425082,10,-1.097403566,2.017477679,-0.102012016,-0.222944369,0.278218234,0.215449088,-0.017976968,0.06443039,-0.281015086,0.023626712,-0.084246372,10.51006008,-1.02E-16,3.05E-17,-5.81E-28,-6.26E-16,1.91E-17,6.26E-16,0.003463656,0.125277302,-6.27E-18,-0.125277302,0.003463656,10,1.097403566,-2.017477679,-0.102012016,0.222944369,-0.278218234,-0.215449088,-0.017976968,0.06443039,0.281015086,0.023626712,-0.084246372,1.10E-26,158.0676568,0.555674581,-5.39E-15,-5.06E-15,-0.134037418,28.31133222,0.037361109,0.078213502,-0.452216273,-0.430536038,-0.109072549,9.72E-27,44.10354414,0.011126981,1.66E-14,5.18E-18,0.284941195,28.31133222,0.037361109,0.078213502,0.452216273,0.430536038,-0.109072549,-2.041308195,9.156810907,4.63661866,-2.041308195,-4.344105129,-1.296442917,2.041308195,-4.344105129,-1.296442917,2.041308195,9.156810907,4.63661866,1.1,2095.376897,4.55E-01,299.7453593,-1.42E-14,0,1,10,1,10,10,1,10,1,1,1,1,1
11.72203969,1.59E-17,1.05E-17,1,2.22E-15,-3.05E-15,9.61E-17,0.792251921,0.610194144,3.77E-15,-0.610194144,0.792251921,7,4.480394892,1.491214422,0.944407938,-0.103827057,0.31195126,0.101440395,0.994554115,0.023915635,-0.312735499,0.009058344,0.949797059,2.277960309,3.31E-18,-3.54E-18,1,-8.48E-17,2.69E-18,8.48E-17,0.999906036,-0.013708375,-1.53E-18,0.013708375,0.999906036,7,-4.480394892,-1.491214422,0.944407938,0.103827057,-0.31195126,-0.101440395,0.994554115,0.023915635,0.312735499,0.009058344,0.949797059,9.455770991,3.12E-17,-4.06E-17,6.34E-28,6.65E-15,-3.62E-15,-3.92E-17,-0.491209194,0.637494452,6.68E-15,-0.637494452,-0.491209194,10,-1.222981763,1.951412631,-0.108845802,-0.246612841,0.247211925,0.236486642,-0.025853357,0.078125844,-0.251716243,0.027690623,-0.083374202,10.54422901,1.79E-16,-7.14E-17,5.81E-28,2.63E-16,-8.58E-18,-2.63E-16,0.002016489,0.143070601,-1.71E-17,-0.143070601,0.002016489,10,1.222981763,-1.951412631,-0.108845802,0.246612841,-0.247211925,-0.236486642,-0.025853357,0.078125844,0.251716243,0.027690623,-0.083374202,-1.10E-26,153.9245104,0.545156429,-2.51E-14,-1.03E-15,-0.131983577,23.93307928,0.047241256,0.065930098,-0.413417571,-0.462004341,-0.11178852,-9.69E-27,41.86643368,0.01508501,-1.48E-14,1.58E-16,0.296007366,23.93307928,0.047241256,0.065930098,0.413417571,0.462004341,-0.11178852,-1.708446365,8.492438381,5.194411891,-1.708446365,-4.065381328,-1.412092853,1.708446365,-4.065381328,-1.412092853,1.708446365,8.492438381,5.194411891,1.2,2095.376897,-4.55E-01,299.7453593,3.55E-15,-1.14E-13,1,10,1,10,10,1,10,1,1,1,1,1
12.66626289,2.60E-17,1.34E-17,1,2.91E-15,-3.37E-15,1.05E-16,0.740913555,0.671600406,4.45E-15,-0.671600406,0.740913555,8,4.35228107,1.682753339,0.933252577,-0.12954266,0.335049738,0.125997776,0.991501445,0.032395147,-0.336398853,0.011982668,0.941643365,3.333737115,3.87E-18,-7.70E-18,1,-9.65E-17,2.62E-18,9.65E-17,0.999998874,0.00150093,-2.77E-18,-0.00150093,0.999998874,8,-4.35228107,-1.682753339,0.933252577,0.12954266,-0.335049738,-0.125997776,0.991501445,0.032395147,0.336398853,0.011982668,0.941643365,9.42869289,1.71E-16,9.81E-17,-6.90E-28,7.03E-15,-2.76E-15,2.26E-16,-0.535558139,0.590630779,6.84E-15,-0.590630779,-0.535558139,10,-1.33929468,1.879365705,-0.114261422,-0.267699203,0.214757638,0.25466096,-0.035200056,0.09146439,-0.221550827,0.030795855,-0.079699677,10.57130711,-1.68E-16,-1.18E-17,-5.81E-28,-4.97E-16,7.18E-18,4.97E-16,-0.000159733,0.161115503,-7.63E-18,-0.161115503,-0.000159733,10,1.33929468,-1.879365705,-0.114261422,0.267699203,-0.214757638,-0.25466096,-0.035200056,0.09146439,0.221550827,0.030795855,-0.079699677,1.11E-26,150.1087683,0.534455444,-1.41E-14,-6.94E-15,-0.125229974,19.16694381,0.057012268,0.0523754,-0.3745943,-0.485936643,-0.110326579,9.69E-27,39.97395217,0.019053262,1.27E-14,-1.85E-16,0.300530064,19.16694381,0.057012268,0.0523754,0.3745943,0.485936643,-0.110326579,-1.353905031,7.815346607,5.710324037,-1.353905031,-3.815945075,-1.49436863,1.353905031,-3.815945075,-1.49436863,1.353905031,7.815346607,5.710324037,1.3,2095.376897,0,299.7453593,-4.31E-14,0,1,10,1,10,10,1,10,1,1,1,1,1
13.60805348,2.82E-17,2.95E-17,1,3.65E-15,-3.60E-15,1.21E-16,0.68536131,0.728203182,5.12E-15,-0.728203182,0.68536131,9,4.212974342,1.86681656,0.921610696,-0.157233558,0.35483987,0.152229422,0.987445176,0.042169036,-0.357015305,0.015153634,0.93397561,4.39194652,6.35E-18,1.58E-18,1,-1.07E-16,2.68E-18,1.07E-16,0.999828426,0.018523442,-4.67E-18,-0.018523442,0.999828426,9,-4.212974342,-1.86681656,0.921610696,0.157233558,-0.35483987,-0.152229422,0.987445176,0.042169036,0.357015305,0.015153634,0.93397561,9.407119009,-1.29E-16,2.23E-16,6.25E-28,7.74E-15,-1.89E-15,8.98E-17,-0.575486742,0.541424748,6.66E-15,-0.541424748,-0.575486742,10,-1.446839888,1.801898731,-0.118576198,-0.286118765,0.181045002,0.269971962,-0.045925319,0.104013387,-0.190778226,0.032623473,-0.073655441,10.59288099,2.18E-16,1.97E-16,5.81E-28,2.83E-16,-5.95E-18,-2.84E-16,-0.003249213,0.179334744,-3.04E-17,-0.179334744,-0.003249213,10,1.446839888,-1.801898731,-0.118576198,0.286118765,-0.181045002,-0.269971962,-0.045925319,0.104013387,0.190778226,0.032623473,-0.073655441,-1.10E-26,146.8678707,0.525108813,-1.86E-14,-2.05E-15,-0.119263564,15.43844877,0.066809455,0.041479525,-0.334549783,-0.50620297,-0.105277597,-9.69E-27,38.61975498,0.024225077,-1.30E-14,3.49E-16,0.304165378,15.43844877,0.066809455,0.041479525,0.334549783,0.50620297,-0.105277597,-1.078694075,7.150487661,6.174553483,-1.078694075,-3.604033094,-1.572143881,1.078694075,-3.604033094,-1.572143881,1.078694075,7.150487661,6.174553483,1.4,2095.376897,0,299.7453593,-7.64E-14,0,1,10,1,10,10,1,10,1,1,1,1,1
14.54797927,3.63E-17,3.50E-17,1,4.44E-15,-3.73E-15,1.25E-16,0.626033002,0.779796563,5.80E-15,-0.779796563,0.626033002,10,4.063337174,2.042891691,0.909595854,-0.186634432,0.371218225,0.179856088,0.982256548,0.053140013,-0.374549288,0.018429922,0.927023823,5.452020729,2.07E-17,-7.32E-20,1,-1.03E-16,2.67E-18,1.03E-16,0.999301867,0.037360113,-6.54E-18,-0.037360113,0.999301867,10,-4.063337174,-2.042891691,0.909595854,0.186634432,-0.371218225,-0.179856088,0.982256548,0.053140013,0.374549288,0.018429922,0.927023823,9.391396813,2.91E-16,-1.13E-16,-6.99E-28,8.16E-15,-6.54E-16,-1.24E-17,-0.611079419,0.490442877,6.82E-15,-0.490442877,-0.611079419,10,-1.545903467,1.719603878,-0.121720637,-0.301898725,0.146522101,0.282561367,-0.057847236,0.115406163,-0.15990144,0.032902292,-0.06538029,10.60860319,6.87E-17,-2.31E-16,-5.81E-28,-2.07E-16,5.74E-18,2.06E-16,-0.007281968,0.197398675,-6.91E-18,-0.197398675,-0.007281968,10,1.545903467,-1.719603878,-0.121720637,0.301898725,-0.146522101,-0.282561367,-0.057847236,0.115406163,0.15990144,0.032902292,-0.06538029,1.11E-26,143.9774125,0.515616361,-2.02E-14,-8.31E-15,-0.1100333,11.3703875,0.075924356,0.02992197,-0.295304149,-0.520617344,-0.096627528,9.69E-27,37.6583166,0.029388138,8.17E-15,-4.23E-16,0.302839514,11.3703875,0.075924356,0.02992197,0.295304149,0.520617344,-0.096627528,-0.786109783,6.478649904,6.603798329,-0.786109783,-3.427708022,-1.62568697,0.786109783,-3.427708022,-1.62568697,0.786109783,6.478649904,6.603798329,1.5,2095.376897,4.55E-01,299.7453593,-1.78E-14,-1.14E-13,1,10,1,10,10,1,10,1,1,1,1,1
15.48654971,4.41E-17,4.58E-17,1,5.27E-15,-3.75E-15,1.28E-16,0.563361551,0.826210483,6.47E-15,-0.826210483,0.563361551,11,3.904195906,2.210516375,0.897309942,-0.21747763,0.384107208,0.208607579,0.975825285,0.065175856,-0.388995817,0.021644731,0.920985212,6.513450288,3.59E-17,3.14E-19,1,-9.77E-17,3.08E-18,9.73E-17,0.998316812,0.057996067,-8.74E-18,-0.057996067,0.998316812,11,-3.904195906,-2.210516375,0.897309942,0.21747763,-0.384107208,-0.208607579,0.975825285,0.065175856,0.388995817,0.021644731,0.920985212,9.380012009,-1.35E-16,3.30E-16,6.16E-28,8.49E-15,1.65E-16,6.14E-17,-0.642349609,0.437835528,6.66E-15,-0.437835528,-0.642349609,10,-1.636921888,1.632889811,-0.123997598,-0.314965232,0.111257566,0.292468442,-0.070778038,0.125310698,-0.129029122,0.031393882,-0.055391935,10.61998799,2.35E-16,2.38E-16,5.81E-28,3.22E-16,2.46E-18,-3.25E-16,-0.012419146,0.215320397,-3.72E-17,-0.215320397,-0.012419146,10,1.636921888,-1.632889811,-0.123997598,0.314965232,-0.111257566,-0.292468442,-0.070778038,0.125310698,0.129029122,0.031393882,-0.055391935,-1.09E-26,141.6276245,0.507773594,-1.43E-14,-3.58E-15,-0.103079627,8.315773539,0.084606698,0.021566294,-0.255145833,-0.532980628,-0.08520179,-9.69E-27,37.14238001,0.035642034,-8.81E-15,4.76E-16,0.302454174,8.315773539,0.084606698,0.021566294,0.255145833,0.532980628,-0.08520179,-0.569240225,5.820845704,6.985737369,-0.569240225,-3.280996427,-1.685669305,0.569240225,-3.280996427,-1.685669305,0.569240225,5.820845704,6.985737369,1.6,2095.376897,-4.55E-01,299.7453593,-1.07E-14,-1.14E-13,1,10,1,10,10,1,10,1,1,1,1,1
16.42421784,5.12E-17,5.67E-17,1,6.13E-15,-3.67E-15,1.30E-16,0.497774122,0.867306707,7.14E-15,-0.867306707,0.497774122,12,3.736341479,2.36927327,0.884843568,-0.249494174,0.393452053,0.238224855,0.968063519,0.078114925,-0.400375797,0.02461057,0.916020491,7.575782162,3.37E-17,9.06E-18,1,-1.03E-16,2.50E-18,1.02E-16,0.99676247,0.080402601,-1.08E-17,-0.080402601,0.99676247,12,-3.736341479,-2.36927327,0.884843568,0.249494174,-0.393452053,-0.238224855,0.968063519,0.078114925,0.400375797,0.02461057,0.916020491,9.373350508,2.77E-16,-1.13E-16,-7.08E-28,8.65E-15,1.46E-15,-9.61E-18,-0.669398977,0.384088942,6.81E-15,-0.384088942,-0.669398977,10,-1.720166652,1.542248085,-0.125329898,-0.325365646,0.075639325,0.299877091,-0.084457271,0.133470673,-0.098570496,0.027922893,-0.043902472,10.62664949,-2.79E-16,-6.33E-17,-5.81E-28,-4.30E-16,-1.41E-17,4.28E-16,-0.018667684,0.232810292,-3.45E-18,-0.232810292,-0.018667684,10,1.720166652,-1.542248085,-0.125329898,0.325365646,-0.075639325,-0.299877091,-0.084457271,0.133470673,0.098570496,0.027922893,-0.043902472,1.11E-26,139.5565839,0.499597459,-1.98E-14,-9.28E-15,-0.093672379,4.8912657,0.092159354,0.012910572,-0.216202104,-0.540475811,-0.07093085,9.69E-27,37.01049505,0.041862571,1.25E-14,-5.92E-16,0.298025237,4.8912657,0.092159354,0.012910572,0.216202104,0.540475811,-0.07093085,-0.333075053,5.1542754,7.33570653,-0.333075053,-3.170200956,-1.728466077,0.333075053,-3.170200956,-1.728466077,0.333075053,5.1542754,7.33570653,1.7,2095.376897,-4.55E-01,299.7453593,4.26E-14,-1.14E-13,1,10,1,10,10,1,10,1,1,1,1,1
17.36138718,6.57E-17,6.24E-17,1,7.00E-15,-3.49E-15,1.41E-16,0.429693723,0.902974698,7.82E-15,-0.902974698,0.429693723,13,3.560536141,2.518785531,0.872277437,-0.282413505,0.399217591,0.268460525,0.958909229,0.091771653,-0.408730987,0.027123822,0.912251763,8.638612816,4.27E-17,4.73E-18,1,-1.10E-16,2.04E-18,1.10E-16,0.994520734,0.104539515,-1.36E-17,-0.104539515,0.994520734,13,-3.560536141,-2.518785531,0.872277437,0.282413505,-0.399217591,-0.268460525,0.958909229,0.091771653,0.408730987,0.027123822,0.912251763,9.3700364,1.29E-17,2.28E-16,6.07E-28,8.69E-15,2.18E-15,2.33E-16,-0.692209001,0.329270874,6.66E-15,-0.329270874,-0.692209001,10,-1.795940108,1.447997128,-0.12599272,-0.333020979,0.039671448,0.304836304,-0.098628522,0.139663898,-0.068533301,0.022342148,-0.031472105,10.6299636,4.61E-16,-2.35E-17,5.81E-28,2.83E-16,4.89E-18,-2.88E-16,-0.026167042,0.249927977,-5.23E-17,-0.249927977,-0.026167042,10,1.795940108,-1.447997128,-0.12599272,0.333020979,-0.039671448,-0.304836304,-0.098628522,0.139663898,0.068533301,0.022342148,-0.031472105,-1.09E-26,137.945561,0.493224094,-1.09E-14,-4.89E-15,-0.087310884,2.414330812,0.098959487,0.007777042,-0.176397183,-0.546845956,-0.054827676,-9.69E-27,37.19839307,0.049038727,-1.19E-14,7.84E-16,0.295652644,2.414330812,0.098959487,0.007777042,0.176397183,0.546845956,-0.054827676,-0.165705406,4.500032373,7.639926315,-0.165705406,-3.077313272,-1.785169411,0.165705406,-3.077313272,-1.785169411,0.165705406,4.500032373,7.639926315,1.8,2095.376897,-4.55E-01,299.7453593,-2.84E-14,-1.14E-13,1,10,1,10,10,1,10,1,1,1,1,1
18.29841511,7.81E-17,7.57E-17,1,7.87E-15,-3.20E-15,1.54E-16,0.359538855,0.933130115,8.49E-15,-0.933130115,0.359538855,14,3.377515386,2.65871441,0.859683023,-0.315964222,0.401387233,0.299080036,0.948328712,0.105942369,-0.414121036,0.028970052,0.909760685,9.701584886,5.37E-17,1.99E-18,1,-1.11E-16,1.78E-18,1.10E-16,0.991467299,0.130355649,-1.62E-17,-0.130355649,0.991467299,14,-3.377515386,-2.65871441,0.859683023,0.315964222,-0.401387233,-0.299080036,0.948328712,0.105942369,0.414121036,0.028970052,0.909760685,9.370522213,2.36E-16,3.72E-17,-7.17E-28,8.67E-15,3.63E-15,2.89E-17,-0.710888346,0.273837472,6.78E-15,-0.273837472,-0.710888346,10,-1.864475002,1.350580446,-0.125895557,-0.337993346,0.003721383,0.307553911,-0.112981819,0.143750419,-0.039267674,0.014582455,-0.018349451,10.62947779,-2.41E-16,-3.12E-17,-5.81E-28,-2.95E-16,-1.00E-17,2.92E-16,-0.034901655,0.266394706,-9.72E-19,-0.266394706,-0.034901655,10,1.864475002,-1.350580446,-0.125895557,0.337993346,-0.003721383,-0.307553911,-0.112981819,0.143750419,0.039267674,0.014582455,-0.018349451,1.11E-26,136.5133936,0.486224982,-2.21E-14,-9.89E-15,-0.078886763,-0.481741265,0.104303771,0.002529803,-0.138104263,-0.548811822,-0.036714937,9.69E-27,37.7547575,0.056171493,9.61E-15,-8.85E-16,0.289669315,-0.481741265,0.104303771,0.002529803,0.138104263,0.548811822,-0.036714937,0.024290672,3.834049918,7.91163829,0.024290672,-3.019439409,-1.830029915,-0.024290672,-3.019439409,-1.830029915,-0.024290672,3.834049918,7.91163829,1.9,2095.376897,4.55E-01,299.7453593,-4.26E-14,0,1,10,1,10,10,1,10,1,1,1,1,1
19.2356199,8.17E-17,9.28E-17,1,8.73E-15,-2.79E-15,1.58E-16,0.287725136,0.957713029,9.16E-15,-0.957713029,0.287725136,15,3.187994645,2.788757082,0.84712398,-0.349873793,0.399961613,0.329861491,0.936318637,0.120410992,-0.416620163,0.029928895,0.908587861,10.7643801,6.34E-17,2.46E-18,1,-1.04E-16,3.04E-18,1.02E-16,0.987472723,0.157789804,-1.94E-17,-0.157789804,0.987472723,15,-3.187994645,-2.788757082,0.84712398,0.349873793,-0.399961613,-0.329861491,0.936318637,0.120410992,0.416620163,0.029928895,0.908587861,9.373573472,-1.64E-16,3.05E-16,5.98E-28,8.58E-15,4.55E-15,5.04E-17,-0.725386051,0.217820814,6.66E-15,-0.217820814,-0.725386051,10,-1.925939808,1.25027301,-0.125285306,-0.34019809,-0.032233789,0.308075194,-0.12721969,0.145622033,-0.010714855,0.004594417,-0.005107022,10.62642653,4.33E-16,4.07E-17,5.81E-28,4.33E-16,3.52E-17,-4.42E-16,-0.044989872,0.282288391,-6.28E-17,-0.282288391,-0.044989872,10,1.925939808,-1.25027301,-0.125285306,0.34019809,0.032233789,-0.308075194,-0.12721969,0.145622033,0.010714855,0.004594417,-0.005107022,-1.09E-26,135.4590745,0.48112032,-1.40E-14,-6.47E-15,-0.073811977,-2.499254826,0.10871002,0.000954101,-0.098946231,-0.550149893,-0.017769108,-9.68E-27,38.50538455,0.064113502,-1.21E-14,1.00E-15,0.286384378,-2.499254826,0.10871002,0.000954101,0.098946231,0.550149893,-0.017769108,0.152562947,3.179236112,8.137343839,0.152562947,-2.967244549,-1.893399709,-0.152562947,-2.967244549,-1.893399709,-0.152562947,3.179236112,8.137343839,2,2095.376897,4.55E-01,299.7453593,1.42E-14,0,1,10,1,10,10,1,10,1,1,1,1,1
20.17328355,9.64E-17,1.02E-16,1,9.57E-15,-2.27E-15,1.66E-16,0.214664504,0.976687847,9.83E-15,-0.976687847,0.214664504,16,2.992670196,2.908645853,0.83465671,-0.383869535,0.394958677,0.360596469,0.922907011,0.134954935,-0.41631522,0.029779662,0.908732529,11.82671645,6.90E-17,2.04E-19,1,-1.09E-16,1.85E-18,1.07E-16,0.982403574,0.186770494,-2.21E-17,-0.186770494,0.982403574,16,-2.992670196,-2.908645853,0.83465671,0.383869535,-0.394958677,-0.360596469,0.922907011,0.134954935,0.41631522,0.029779662,0.908732529,9.379699579,4.57E-16,-1.24E-16,-7.26E-28,8.22E-15,5.75E-15,9.75E-17,-0.735826579,0.161675544,6.77E-15,-0.161675544,-0.735826579,10,-1.980549187,1.147502396,-0.124060084,-0.339716741,-0.067824935,0.306624371,-0.14101282,0.14525684,0.016813703,-0.007579087,0.008000379,10.62030042,-3.20E-16,-8.59E-17,-5.81E-28,-5.28E-16,-5.89E-17,5.27E-16,-0.056393096,0.297325414,8.46E-18,-0.297325414,-0.056393096,10,1.980549187,-1.147502396,-0.124060084,0.339716741,0.067824935,-0.306624371,-0.14101282,0.14525684,-0.016813703,-0.007579087,0.008000379,1.11E-26,134.4835226,0.475062845,-1.80E-14,-1.08E-14,-0.06685053,-4.979714596,0.111451945,-0.000683262,-0.061606835,-0.547254164,0.002324061,9.69E-27,39.61944239,0.072022999,1.60E-14,-1.21E-15,0.279645304,-4.979714596,0.111451945,-0.000683262,0.061606835,0.547254164,0.002324061,0.306305349,2.511345367,8.327640118,0.306305349,-2.949592486,-1.949421318,-0.306305349,-2.949592486,-1.949421318,-0.306305349,2.511345367,8.327640118,2.1,2095.376897,0,299.7453593,0,0,1,10,1,10,10,1,10,1,1,1,1,1
21.11165805,1.04E-16,1.01E-16,1,1.04E-14,-1.65E-15,1.73E-16,0.140766306,0.990042851,1.05E-14,-0.990042851,0.140766306,17,2.792224616,3.018147376,0.822331609,-0.417678617,0.386413376,0.391089517,0.9081538,0.149350813,-0.413303417,0.028306326,0.910153304,12.88834195,7.24E-17,-9.48E-18,1,-1.15E-16,9.81E-19,1.12E-16,0.97612354,0.217216099,-2.59E-17,-0.217216099,0.97612354,17,-2.792224616,-3.018147376,0.822331609,0.417678617,-0.386413376,-0.391089517,0.9081538,0.149350813,0.413303417,0.028306326,0.910153304,9.387790326,-3.14E-16,9.79E-17,5.89E-28,7.92E-15,6.70E-15,5.24E-17,-0.742137383,0.105424537,6.66E-15,-0.105424537,-0.742137383,10,-2.028362403,1.042528063,-0.122441935,-0.336464902,-0.103081076,0.303236581,-0.154051408,0.142660707,0.043422365,-0.021887624,0.02041513,10.61220967,3.87E-16,-1.08E-16,5.81E-28,4.07E-16,4.15E-17,-4.21E-16,-0.069207578,0.311586689,-8.36E-17,-0.311586689,-0.069207578,10,2.028362403,-1.042528063,-0.122441935,0.336464902,0.103081076,-0.303236581,-0.154051408,0.142660707,-0.043422365,-0.021887624,0.02041513,-1.09E-26,133.8184653,0.470970809,-1.46E-14,-7.65E-15,-0.06326994,-6.641280995,0.113201621,0.001355139,-0.02341619,-0.544017409,0.022248113,-9.68E-27,40.81241961,0.08058675,-1.56E-14,1.51E-15,0.275966436,-6.641280995,0.113201621,0.001355139,0.02341619,0.544017409,0.022248113,0.404537338,1.855370803,8.471098023,0.404537338,-2.925950824,-2.026335247,-0.404537338,-2.925950824,-2.026335247,-0.404537338,1.855370803,8.471098023,2.2,2095.376897,-4.55E-01,299.7453593,4.26E-14,0,1,10,1,10,10,1,10,1,1,1,1,1
22.05096718,1.12E-16,1.07E-16,1,1.11E-14,-9.18E-16,1.76E-16,0.066435772,0.997790704,1.12E-14,-0.997790704,0.066435772,18,2.587326089,3.117062527,0.810193436,-0.451029446,0.374378198,0.421158797,0.892150318,0.163380163,-0.407690893,0.025303136,0.91276935,13.94903282,7.91E-17,-1.91E-17,1,-1.12E-16,1.46E-18,1.08E-16,0.968494664,0.249034307,-2.92E-17,-0.249034307,0.968494664,18,-2.587326089,-3.117062527,0.810193436,0.451029446,-0.374378198,-0.421158797,0.892150318,0.163380163,0.407690893,0.025303136,0.91276935,9.398392333,4.80E-16,3.47E-17,-7.35E-28,7.34E-15,7.94E-15,1.04E-17,-0.744473304,0.049532513,6.76E-15,-0.049532513,-0.744473304,10,-2.069608148,0.935774963,-0.120321533,-0.330551675,-0.137622479,0.298149019,-0.166018231,0.137926307,0.068828105,-0.038176192,0.031905787,10.60160767,-2.54E-16,-8.37E-17,-5.81E-28,-3.41E-16,-3.20E-17,3.36E-16,-0.083369955,0.324777472,1.79E-17,-0.324777472,-0.083369955,10,2.069608148,-0.935774963,-0.120321533,0.330551675,0.137622479,-0.298149019,-0.166018231,0.137926307,-0.068828105,-0.038176192,0.031905787,1.11E-26,133.1405729,0.465600299,-1.96E-14,-1.18E-14,-0.057893502,-8.79704375,0.113193408,0.003270561,0.012602648,-0.536584349,0.042474191,9.68E-27,42.37684648,0.089149725,1.24E-14,-1.72E-15,0.268857384,-8.79704375,0.113193408,0.003270561,-0.012602648,0.536584349,0.042474191,0.530100362,1.187567102,8.575096405,0.530100362,-2.937007435,-2.100213651,-0.530100362,-2.937007435,-2.100213651,-0.530100362,1.187567102,8.575096405,2.3,2095.376897,4.55E-01,299.7453593,0,0,1,10,1,10,10,1,10,1,1,1,1,1
22.99141181,1.16E-16,1.09E-16,1,1.18E-14,-8.86E-17,1.83E-16,-0.007925562,0.999968592,1.18E-14,-0.999968592,-0.007925562,19,2.378632486,3.205226313,0.798282361,-0.48365206,0.35892333,0.450635385,0.875018385,0.176834883,-0.399591068,0.020579385,0.916462475,15.00858819,9.05E-17,-3.36E-17,1,-1.03E-16,4.09E-18,9.80E-17,0.959378557,0.282121933,-3.31E-17,-0.282121933,0.959378557,19,-2.378632486,-3.205226313,0.798282361,0.48365206,-0.35892333,-0.450635385,0.875018385,0.176834883,0.399591068,0.020579385,0.916462475,9.410500234,-3.97E-16,1.09E-17,5.80E-28,6.83E-15,8.66E-15,1.13E-16,-0.742753377,-0.005974741,6.66E-15,0.005974741,-0.742753377,10,-2.104263911,0.827500749,-0.117899953,-0.321900594,-0.171474891,0.291382742,-0.176620429,0.131168078,0.093168409,-0.056298818,0.041956702,10.58949977,4.83E-16,-2.07E-16,5.81E-28,5.05E-16,8.47E-17,-5.30E-16,-0.098952188,0.336975041,-9.57E-17,-0.336975041,-0.098952188,10,2.104263911,-0.827500749,-0.117899953,0.321900594,0.171474891,-0.291382742,-0.176620429,0.131168078,-0.093168409,-0.056298818,0.041956702,-1.09E-26,132.7243005,0.462262496,-1.17E-14,-8.96E-15,-0.055775027,-10.18290193,0.112265233,0.008734476,0.04943065,-0.529024628,0.061576725,-9.68E-27,43.91591118,0.098202897,-1.41E-14,1.87E-15,0.265011089,-10.18290193,0.112265233,0.008734476,-0.04943065,0.529024628,0.061576725,0.605395073,0.534399278,8.631874151,0.605395073,-2.931176988,-2.195547254,-0.605395073,-2.931176988,-2.195547254,-0.605395073,0.534399278,8.631874151,2.4,2095.376897,-4.55E-01,299.7453593,8.53E-14,0,1,10,1,10,10,1,10,1,1,1,1,1
23.93317075,1.17E-16,1.18E-16,1,1.25E-14,8.40E-16,1.86E-16,-0.081922087,0.996638737,1.25E-14,-0.996638737,-0.081922087,20,2.166789187,3.282507701,0.786634151,-0.515279924,0.340137197,0.479363807,0.856908156,0.189522431,-0.389123442,0.013964645,0.921079766,16.06682925,9.58E-17,-4.46E-17,1,-9.81E-17,5.29E-18,9.14E-17,0.948637761,0.316364343,-3.61E-17,-0.316364343,0.948637761,20,-2.166789187,-3.282507701,0.786634151,0.515279924,-0.340137197,-0.479363807,0.856908156,0.189522431,0.389123442,0.013964645,0.921079766,9.424678707,4.21E-16,1.69E-16,-7.43E-28,6.02E-15,9.92E-15,-5.18E-17,-0.737177109,-0.060622368,6.74E-15,0.060622368,-0.737177109,10,-2.132602072,0.718127015,-0.115064259,-0.310656694,-0.20424777,0.283185704,-0.185584143,0.122582885,0.116184105,-0.075995982,0.050389127,10.57532129,-3.78E-16,-1.38E-17,-5.81E-28,-4.01E-16,-6.06E-17,3.98E-16,-0.11586372,0.347873173,3.59E-17,-0.347873173,-0.11586372,10,2.132602072,-0.718127015,-0.115064259,0.310656694,0.20424777,-0.283185704,-0.185584143,0.122582885,-0.116184105,-0.075995982,0.050389127,1.11E-26,132.2130695,0.457339249,-2.17E-14,-1.25E-14,-0.051935039,-12.08109947,0.109594892,0.013914937,0.083689897,-0.517266369,0.080197895,9.68E-27,45.84485629,0.107305785,1.51E-14,-2.21E-15,0.257709105,-12.08109947,0.109594892,0.013914937,-0.083689897,0.517266369,0.080197895,0.708923644,-0.126670348,8.645026956,0.708923644,-2.960486461,-2.29234644,-0.708923644,-2.960486461,-2.29234644,-0.708923644,-0.126670348,8.645026956,2.5,2095.376897,0,299.7453593,8.53E-14,2.27E-13,1,10,1,10,10,1,10,1,1,1,1,1
24.87640526,1.17E-16,1.27E-16,1,1.31E-14,1.84E-15,2.06E-16,-0.155164281,0.987888681,1.32E-14,-0.987888681,-0.155164281,21,1.952432048,3.348809761,0.775281051,-0.54565069,0.318126729,0.507201176,0.837995881,0.201270639,-0.376412352,0.005312938,0.926437,17.12359474,1.05E-16,-6.35E-17,1,-1.05E-16,3.30E-18,9.68E-17,0.9361371,0.351635223,-3.99E-17,-0.351635223,0.9361371,21,-1.952432048,-3.348809761,0.775281051,0.54565069,-0.318126729,-0.507201176,0.837995881,0.201270639,0.376412352,0.005312938,0.926437,9.440011345,-4.37E-16,3.74E-18,5.71E-28,5.37E-15,1.01E-14,4.64E-16,-0.727666771,-0.114378749,6.66E-15,0.114378749,-0.727666771,10,-2.154540702,0.607914192,-0.111997731,-0.29675863,-0.235961588,0.273561672,-0.192661362,0.112381281,0.138037702,-0.097038155,0.056755542,10.55998866,5.72E-16,-3.63E-16,5.81E-28,2.70E-16,2.06E-17,-2.90E-16,-0.13414951,0.357544426,-1.13E-16,-0.357544426,-0.13414951,10,2.154540702,-0.607914192,-0.111997731,0.29675863,0.235961588,-0.273561672,-0.192661362,0.112381281,-0.138037702,-0.097038155,0.056755542,-1.09E-26,131.9321849,0.454517358,-4.48E-15,-1.03E-14,-0.051141414,-13.25014145,0.106193494,0.022397203,0.118702506,-0.505598569,0.096841626,-9.68E-27,47.65362337,0.11672505,-1.10E-14,2.46E-15,0.253780789,-13.25014145,0.106193494,0.022397203,-0.118702506,0.505598569,0.096841626,0.766631872,-0.768900643,8.61175657,0.766631872,-2.962763591,-2.409525693,-0.766631872,-2.962763591,-2.409525693,-0.766631872,-0.768900643,8.61175657,2.6,2095.376897,0,299.7453593,2.84E-14,1.14E-13,1,10,1,10,10,1,10,1,1,1,1,1
25.82125907,1.41E-16,1.43E-16,1,1.35E-14,2.94E-15,2.10E-16,-0.227271514,0.973831433,1.39E-14,-0.973831433,-0.227271514,22,1.736184112,3.404068983,0.764251815,-0.574508336,0.293017636,0.534017625,0.818480299,0.211932008,-0.361585868,-0.00549284,0.932322631,18.17874093,1.21E-16,-7.03E-17,1,-1.08E-16,1.62E-18,9.90E-17,0.921745159,0.387796161,-4.34E-17,-0.387796161,0.921745159,22,-1.736184112,-3.404068983,0.764251815,0.574508336,-0.293017636,-0.534017625,0.818480299,0.211932008,0.361585868,-0.00549284,0.932322631,9.457064997,9.25E-16,3.11E-16,-7.52E-28,4.24E-15,1.19E-14,-3.86E-16,-0.714477894,-0.16676622,6.69E-15,0.16676622,-0.714477894,10,-2.170418009,0.497270244,-0.108587001,-0.280394292,-0.266220269,0.262767309,-0.197650278,0.100846098,0.158491975,-0.119077404,0.060957093,10.542935,-2.63E-16,2.26E-16,-5.81E-28,-3.38E-16,-5.41E-17,3.33E-16,-0.15368931,0.365674318,4.21E-17,-0.365674318,-0.15368931,10,2.170418009,-0.497270244,-0.108587001,0.280394292,0.266220269,-0.262767309,-0.197650278,0.100846098,-0.158491975,-0.119077404,0.060957093,1.11E-26,131.4822855,0.449829663,-3.31E-14,-1.27E-14,-0.048716067,-14.93789726,0.101163792,0.030352123,0.150722718,-0.489737731,0.112327842,9.69E-27,49.87739195,0.126260938,9.88E-15,-2.59E-15,0.246365984,-14.93789726,0.101163792,0.030352123,-0.150722718,0.489737731,0.112327842,0.852682625,-1.41271439,8.531415397,0.852682625,-3.000445173,-2.532979396,-0.852682625,-3.000445173,-2.532979396,-0.852682625,-1.41271439,8.531415397,2.7,2095.376897,4.55E-01,299.7453593,2.84E-14,1.14E-13,1,10,1,10,10,1,10,1,1,1,1,1
26.76786237,1.56E-16,1.63E-16,1,1.39E-14,4.12E-15,2.19E-16,-0.297872641,0.95460562,1.45E-14,-0.95460562,-0.297872641,23,1.518657815,3.448255394,0.753572473,-0.601604204,0.264954541,0.559695299,0.798579197,0.221387528,-0.344774853,-0.018537736,0.938502346,19.23213763,1.41E-16,-8.75E-17,1,-1.02E-16,4.97E-18,8.98E-17,0.905335767,0.424696538,-4.76E-17,-0.424696538,0.905335767,23,-1.518657815,-3.448255394,0.753572473,0.601604204,-0.264954541,-0.559695299,0.798579197,0.221387528,0.344774853,-0.018537736,0.938502346,9.475000862,-6.20E-16,9.81E-17,5.62E-28,3.56E-15,1.16E-14,5.54E-16,-0.697544651,-0.217750031,6.69E-15,0.217750031,-0.697544651,10,-2.180107943,0.386457971,-0.104999828,-0.261523062,-0.295041626,0.250786181,-0.200371765,0.088264312,0.177728325,-0.141820525,0.062637198,10.52499914,6.58E-16,-5.71E-16,5.81E-28,4.69E-16,1.21E-16,-5.17E-16,-0.174498526,0.37233322,-1.27E-16,-0.37233322,-0.174498526,10,2.180107943,-0.386457971,-0.104999828,0.261523062,0.295041626,-0.250786181,-0.200371765,0.088264312,-0.177728325,-0.141820525,0.062637198,-1.09E-26,131.2469999,0.447313181,2.85E-15,-1.27E-14,-0.049072708,-15.93220802,0.095691828,0.041258801,0.18344801,-0.4742216,0.125133934,-9.68E-27,51.89401653,0.135929645,-1.35E-14,2.80E-15,0.24237957,-15.93220802,0.095691828,0.041258801,-0.18344801,0.4742216,0.125133934,0.896793255,-2.03271032,8.407072186,0.896793255,-3.001703716,-2.674155155,-0.896793255,-3.001703716,-2.674155155,-0.896793255,-2.03271032,8.407072186,2.8,2095.376897,0,299.7453593,5.68E-14,2.27E-13,1,10,1,10,10,1,10,1,1,1,1,1
27.71633118,1.58E-16,1.74E-16,1,1.42E-14,5.36E-15,2.27E-16,-0.366609167,0.930375042,1.52E-14,-0.930375042,-0.366609167,24,1.300451033,3.481371074,0.743266236,-0.626699374,0.234100827,0.584128688,0.77852464,0.229549693,-0.326111911,-0.033871527,0.944724162,20.28366882,1.45E-16,-1.04E-16,1,-9.77E-17,6.39E-18,8.37E-17,0.88678958,0.462173388,-5.08E-17,-0.462173388,0.88678958,24,-1.300451033,-3.481371074,0.743266236,0.626699374,-0.234100827,-0.584128688,0.77852464,0.229549693,0.326111911,-0.033871527,0.944724162,9.494375415,6.60E-16,1.11E-16,-7.60E-28,2.17E-15,1.33E-14,-3.92E-16,-0.677185867,-0.266861529,6.64E-15,0.266861529,-0.677185867,10,-2.184027691,0.275855645,-0.101124917,-0.240380329,-0.322032658,0.237881584,-0.200719381,0.074978972,0.195530515,-0.164855297,0.061799114,10.50562459,-5.70E-16,2.47E-16,-5.81E-28,-3.91E-16,-9.27E-17,3.93E-16,-0.19642521,0.377203787,6.30E-17,-0.377203787,-0.19642521,10,2.184027691,-0.275855645,-0.101124917,0.240380329,0.322032658,-0.237881584,-0.200719381,0.074978972,-0.195530515,-0.164855297,0.061799114,1.11E-26,130.7749192,0.442680634,-3.45E-14,-1.23E-14,-0.047915444,-17.44134814,0.088786135,0.051331488,0.212750121,-0.454545556,0.136253732,9.68E-27,54.35401932,0.145796253,1.44E-14,-3.17E-15,0.234892537,-17.44134814,0.088786135,0.051331488,-0.212750121,0.454545556,0.136253732,0.968727615,-2.646054391,8.233580836,0.968727615,-3.038029189,-2.82665179,-0.968727615,-3.038029189,-2.82665179,-0.968727615,-2.646054391,8.233580836,2.9,2095.376897,-4.55E-01,299.7453593,5.68E-14,0,1,10,1,10,10,1,10,1,1,1,1,1
28.66677095,1.68E-16,1.89E-16,1,1.44E-14,6.66E-15,2.34E-16,-0.4331361,0.90132853,1.59E-14,-0.90132853,-0.4331361,25,1.082148867,3.503450165,0.733354191,-0.649565874,0.200638497,0.607223485,0.758558645,0.236365017,-0.305730715,-0.051506869,0.950723815,21.33322905,1.64E-16,-1.16E-16,1,-9.49E-17,8.44E-18,7.80E-17,0.865995647,0.500051536,-5.48E-17,-0.500051536,0.865995647,25,-1.082148867,-3.503450165,0.733354191,0.649565874,-0.200638497,-0.607223485,0.758558645,0.236365017,0.305730715,-0.051506869,0.950723815,9.514420041,-4.62E-16,1.92E-16,5.52E-28,1.42E-15,1.27E-14,5.41E-16,-0.653352802,-0.314068715,6.72E-15,0.314068715,-0.653352802,10,-2.182015624,0.165726161,-0.097115992,-0.216949677,-0.347213947,0.224014359,-0.198600514,0.06132752,0.212093393,-0.187851534,0.058193953,10.48557996,9.47E-16,-5.00E-16,5.81E-28,4.47E-16,1.34E-16,-5.08E-16,-0.219453448,0.380359179,-1.42E-16,-0.380359179,-0.219453448,10,2.182015624,-0.165726161,-0.097115992,0.216949677,0.347213947,-0.224014359,-0.198600514,0.06132752,-0.212093393,-0.187851534,0.058193953,-1.08E-26,130.5151774,0.440288161,2.84E-15,-1.50E-14,-0.049243101,-18.29065088,0.081803422,0.063924165,0.242736368,-0.435515194,0.144184658,-9.68E-27,56.52680441,0.155603295,-1.41E-14,3.42E-15,0.230850006,-18.29065088,0.081803422,0.063924165,-0.242736368,0.435515194,0.144184658,1.002231297,-3.230601032,8.020308238,1.002231297,-3.029394287,-2.992640122,-1.002231297,-3.029394287,-2.992640122,-1.002231297,-3.230601032,8.020308238,3,2095.376897,4.55E-01,299.7453593,5.68E-14,1.14E-13,1,10,1,10,10,1,10,1,1,1,1,1
29.6192755,1.73E-16,1.99E-16,1,1.45E-14,8.01E-15,2.34E-16,-0.497125256,0.867678788,1.65E-14,-0.867678788,-0.497125256,26,0.864319482,3.514556444,0.723855101,-0.669989153,0.1647675,0.628896825,0.738927643,0.24181547,-0.283765002,-0.071417604,0.956230594,22.3807245,1.75E-16,-1.31E-16,1,-9.56E-17,7.43E-18,7.65E-17,0.842853049,0.538143789,-5.77E-17,-0.538143789,0.842853049,26,-0.864319482,-3.514556444,0.723855101,0.669989153,-0.1647675,-0.628896825,0.738927643,0.24181547,0.283765002,-0.071417604,0.956230594,9.535670938,5.67E-16,2.49E-18,-7.68E-28,-2.35E-16,1.43E-14,-5.48E-16,-0.62643031,-0.358926111,6.60E-15,0.358926111,-0.62643031,10,-2.174572069,0.05639942,-0.092865812,-0.191515896,-0.370205995,0.209452451,-0.19401953,0.047681536,0.227220872,-0.21036317,0.051941635,10.46432906,-7.16E-16,2.01E-16,-5.81E-28,-4.60E-16,-1.54E-16,4.79E-16,-0.243398518,0.381485879,8.34E-17,-0.381485879,-0.243398518,10,2.174572069,-0.05639942,-0.092865812,0.191515896,0.370205995,-0.209452451,-0.19401953,0.047681536,-0.227220872,-0.21036317,0.051941635,1.11E-26,129.9556095,0.435560895,-3.64E-14,-1.20E-14,-0.049205822,-19.64183461,0.073639571,0.075339093,0.268878371,-0.412390045,0.150077187,9.69E-27,59.17177037,0.165702157,1.54E-14,-3.76E-15,0.223319406,-19.64183461,0.073639571,0.075339093,-0.268878371,0.412390045,0.150077187,1.062544868,-3.798916946,7.757649196,1.062544868,-3.054561418,-3.175024913,-1.062544868,-3.054561418,-3.175024913,-1.062544868,-3.798916946,7.757649196,3.1,2095.376897,0,299.7453593,1.14E-13,0,1,10,1,10,10,1,10,1,1,1,1,1
30.57393031,1.76E-16,2.16E-16,1,1.44E-14,9.40E-15,2.40E-16,-0.558266193,0.829661894,1.72E-14,-0.829661894,-0.558266193,27,0.647515737,3.514783245,0.714786063,-0.68776934,0.126705245,0.649076051,0.719877689,0.245919485,-0.260348161,-0.093538481,0.960973146,23.42606969,1.94E-16,-1.52E-16,1,-9.50E-17,8.50E-18,7.27E-17,0.817272488,0.576251404,-6.17E-17,-0.576251404,0.817272488,27,-0.647515737,-3.514783245,0.714786063,0.68776934,-0.126705245,-0.649076051,0.719877689,0.245919485,0.260348161,-0.093538481,0.960973146,9.557425281,-5.23E-16,3.51E-16,5.43E-28,-8.85E-16,1.34E-14,6.74E-16,-0.59638843,-0.401411784,6.77E-15,0.401411784,-0.59638843,10,-2.161502847,-0.051863401,-0.088514944,-0.16408786,-0.391039103,0.194132056,-0.186979547,0.034398764,0.241115952,-0.232054364,0.042909404,10.44257472,1.08E-15,-6.07E-16,5.81E-28,4.72E-16,1.75E-16,-5.56E-16,-0.268212709,0.380666423,-1.63E-16,-0.380666423,-0.268212709,10,2.161502847,0.051863401,-0.088514944,0.16408786,0.391039103,-0.194132056,-0.186979547,0.034398764,-0.241115952,-0.232054364,0.042909404,-1.08E-26,129.617739,0.433138805,7.59E-15,-1.75E-14,-0.051335604,-20.36708483,0.065811829,0.088786873,0.295725848,-0.390253454,0.152495838,-9.69E-27,61.45606147,0.175541907,-1.60E-14,4.11E-15,0.219218908,-20.36708483,0.065811829,0.088786873,-0.295725848,0.390253454,0.152495838,1.087717154,-4.334204345,7.461154877,1.087717154,-3.027282183,-3.365127228,-1.087717154,-3.027282183,-3.365127228,-1.087717154,-4.334204345,7.461154877,3.2,2095.376897,0,299.7453593,0,1.14E-13,1,10,1,10,10,1,10,1,1,1,1,1
31.53081113,1.86E-16,2.26E-16,1,1.42E-14,1.08E-14,2.36E-16,-0.616269425,0.787535393,1.79E-14,-0.787535393,-0.616269425,28,0.432271227,3.504250106,0.706162226,-0.702723671,0.086685372,0.667698857,0.701648636,0.248731637,-0.235612282,-0.117765163,0.964685554,24.46918887,2.17E-16,-1.62E-16,1,-9.30E-17,9.28E-18,6.77E-17,0.789177916,0.61416465,-6.44E-17,-0.61416465,0.789177916,28,-0.432271227,-3.504250106,0.706162226,0.702723671,-0.086685372,-0.667698857,0.701648636,0.248731637,0.235612282,-0.117765163,0.964685554,9.580191008,7.29E-16,-1.49E-16,-7.76E-28,-2.89E-15,1.50E-14,-7.50E-16,-0.563676218,-0.441118228,6.54E-15,0.441118228,-0.563676218,10,-2.143387352,-0.158799364,-0.083961798,-0.134998748,-0.409358355,0.17832407,-0.177601505,0.021844273,0.253601626,-0.252479276,0.031338761,10.41980899,-6.20E-16,4.05E-16,-5.81E-28,-4.33E-16,-1.60E-16,4.56E-16,-0.293678722,0.377598483,1.08E-16,-0.377598483,-0.293678722,10,2.143387352,0.158799364,-0.083961798,0.134998748,0.409358355,-0.17832407,-0.177601505,0.021844273,-0.253601626,-0.252479276,0.031338761,1.11E-26,128.9206282,0.428195176,-4.13E-14,-1.12E-14,-0.052279387,-21.57304484,0.057087697,0.100704812,0.318329861,-0.364115648,0.152715238,9.69E-27,64.23951773,0.185778474,1.55E-14,-4.50E-15,0.21167331,-21.57304484,0.057087697,0.100704812,-0.318329861,0.364115648,0.152715238,1.138286373,-4.842962207,7.117169233,1.138286373,-3.031412686,-3.576427019,-1.138286373,-3.031412686,-3.576427019,-1.138286373,-4.842962207,7.117169233,3.3,2095.376897,4.55E-01,299.7453593,0,1.14E-13,1,10,1,10,10,1,10,1,1,1,1,1
32.48998712,1.88E-16,2.40E-16,1,1.39E-14,1.23E-14,2.40E-16,-0.670867284,0.741577432,1.85E-14,-0.741577432,-0.670867284,29,0.219101958,3.483102702,0.697997424,-0.714687676,0.044956891,0.684712008,0.684469365,0.250342076,-0.209688011,-0.143955601,0.967113087,25.51001288,2.42E-16,-1.78E-16,1,-9.07E-17,1.19E-17,6.11E-17,0.758508067,0.651663649,-6.81E-17,-0.651663649,0.758508067,29,-0.219101958,-3.483102702,0.697997424,0.714687676,-0.044956891,-0.684712008,0.684469365,0.250342076,0.209688011,-0.143955601,0.967113087,9.603328839,-6.94E-16,4.24E-16,5.33E-28,-3.30E-15,1.36E-14,8.34E-16,-0.528280956,-0.478041,6.83E-15,0.478041,-0.528280956,10,-2.119998017,-0.264148725,-0.079334232,-0.104281352,-0.425211255,0.161938949,-0.165983932,0.010364506,0.264883788,-0.271329487,0.017211887,10.39667116,1.11E-15,-7.33E-16,5.81E-28,4.78E-16,2.11E-16,-5.87E-16,-0.319718251,0.37238151,-1.81E-16,-0.37238151,-0.319718251,10,2.119998017,0.264148725,-0.079334232,0.104281352,0.425211255,-0.161938949,-0.165983932,0.010364506,-0.264883788,-0.271329487,0.017211887,-1.07E-26,128.4646233,0.425615363,1.33E-14,-2.02E-14,-0.055059227,-22.18911651,0.049129485,0.114142009,0.34171191,-0.339338558,0.149413465,-9.69E-27,66.59569017,0.195551418,-1.57E-14,4.83E-15,0.207516222,-22.18911651,0.049129485,0.114142009,-0.34171191,0.339338558,0.149413465,1.156891531,-5.315866617,6.746719198,1.156891531,-2.976933105,-3.788216984,-1.156891531,-2.976933105,-3.788216984,-1.156891531,-5.315866617,6.746719198,3.4,2095.376897,-9.09E-01,299.7453593,5.68E-14,0,1,10,1,10,10,1,10,1,1,1,1,1
33.45151915,1.91E-16,2.55E-16,1,1.35E-14,1.37E-14,2.52E-16,-0.721816822,0.692084153,1.92E-14,-0.692084153,-0.721816822,30,0.008502945,3.451508679,0.690303831,-0.723517411,0.001782417,0.70007142,0.668552184,0.25087444,-0.182703664,-0.171931767,0.968017995,26.54848085,2.74E-16,-1.97E-16,1,-8.89E-17,1.27E-17,5.57E-17,0.725218,0.688519319,-7.04E-17,-0.688519319,0.725218,30,-0.008502945,-3.451508679,0.690303831,0.723517411,-0.001782417,-0.70007142,0.668552184,0.25087444,0.182703664,-0.171931767,0.968017995,9.627311812,7.56E-16,-1.28E-16,-7.84E-28,-5.42E-15,1.49E-14,-5.99E-16,-0.490709809,-0.51182457,6.48E-15,0.51182457,-0.490709809,10,-2.091982253,-0.367731728,-0.074537638,-0.072313358,-0.438278225,0.145249283,-0.152359678,0.000282772,0.274803152,-0.288193844,0.000886271,10.37268819,-4.56E-16,3.47E-16,-5.81E-28,-4.42E-16,-1.94E-16,4.80E-16,-0.346083092,0.364731879,1.35E-16,-0.364731879,-0.346083092,10,2.091982253,0.367731728,-0.074537638,0.072313358,0.438278225,-0.145249283,-0.152359678,0.000282772,-0.274803152,-0.288193844,0.000886271,1.11E-26,127.5928183,0.420359165,-4.05E-14,-9.95E-15,-0.056858961,-23.25708754,0.04056539,0.125718164,0.360480093,-0.310675612,0.14394121,9.69E-27,69.47444061,0.205835709,1.59E-14,-5.26E-15,0.199987941,-23.25708754,0.04056539,0.125718164,-0.360480093,0.310675612,0.14394121,1.199148642,-5.751857683,6.332928265,1.199148642,-2.9502813,-4.025372025,-1.199148642,-2.9502813,-4.025372025,-1.199148642,-5.751857683,6.332928265,3.5,2095.376897,0,299.7453593,5.68E-14,1.14E-13,1,10,1,10,10,1,10,1,1,1,1,1
34.41546291,1.98E-16,2.68E-16,1,1.29E-14,1.51E-14,2.59E-16,-0.768900463,0.639368499,1.99E-14,-0.639368499,-0.768900463,31,-0.19904998,3.409657758,0.683092583,-0.729090468,-0.042563053,0.713740865,0.654088563,0.25048379,-0.154785337,-0.201482609,0.967184707,27.58453709,3.14E-16,-2.17E-16,1,-8.51E-17,1.75E-17,4.60E-17,0.689280472,0.724494604,-7.37E-17,-0.724494604,0.689280472,31,0.19904998,-3.409657758,0.683092583,0.729090468,0.042563053,-0.713740865,0.654088563,0.25048379,0.154785337,-0.201482609,0.967184707,9.651563412,-6.08E-16,3.81E-16,5.23E-28,-5.94E-15,1.36E-14,7.36E-16,-0.450963015,-0.542488516,6.87E-15,0.542488516,-0.450963015,10,-2.059076242,-0.469286707,-0.069687318,-0.039147766,-0.448631175,0.128139629,-0.136912741,-0.008095775,0.283563386,-0.302822986,-0.017552027,10.34843659,1.24E-15,-7.39E-16,5.81E-28,5.19E-16,2.90E-16,-6.76E-16,-0.372667482,0.354773834,-2.00E-16,-0.354773834,-0.372667482,10,2.059076242,0.469286707,-0.069687318,0.039147766,0.448631175,-0.128139629,-0.136912741,-0.008095775,-0.283563386,-0.302822986,-0.017552027,-1.07E-26,126.990139,0.417516566,8.71E-15,-2.29E-14,-0.060155964,-23.77469565,0.033182535,0.138302479,0.380153092,-0.283758784,0.135135769,-9.69E-27,71.86667742,0.215449421,-1.70E-14,5.61E-15,0.195780503,-23.77469565,0.033182535,0.138302479,-0.380153092,0.283758784,0.135135769,1.212579992,-6.151084542,5.900980901,1.212579992,-2.860483435,-4.25451697,-1.212579992,-2.860483435,-4.25451697,-1.212579992,-6.151084542,5.900980901,3.6,2095.376897,0,299.7453593,0,0,1,10,1,10,10,1,10,1,1,1,1,1
35.38186689,1.91E-16,2.83E-16,1,1.22E-14,1.65E-14,2.62E-16,-0.811928418,0.583757007,2.05E-14,-0.583757007,-0.811928418,32,-0.403102745,3.357756964,0.676373378,-0.731307869,-0.087794386,0.725692024,0.641244268,0.249352912,-0.1260561,-0.232367357,0.96442484,28.61813311,3.38E-16,-2.35E-16,1,-7.85E-17,2.38E-17,3.30E-17,0.65068732,0.759345778,-7.51E-17,-0.759345778,0.65068732,32,0.403102745,-3.357756964,0.676373378,0.731307869,0.087794386,-0.725692024,0.641244268,0.249352912,0.1260561,-0.232367357,0.96442484,9.676516077,4.73E-16,-7.72E-17,-7.91E-28,-8.12E-15,1.46E-14,-6.77E-16,-0.409596082,-0.569741314,6.42E-15,0.569741314,-0.409596082,10,-2.021979058,-0.568729163,-0.064696785,-0.005200271,-0.455995482,0.110883545,-0.119973154,-0.01452178,0.291021356,-0.314871969,-0.037645324,10.32348392,-7.51E-16,3.90E-16,-5.81E-28,-3.88E-16,-1.63E-16,4.16E-16,-0.399195541,0.342249649,1.71E-16,-0.342249649,-0.399195541,10,2.021979058,0.568729163,-0.064696785,0.005200271,0.455995482,-0.110883545,-0.119973154,-0.01452178,-0.291021356,-0.314871969,-0.037645324,1.11E-26,125.91751,0.41187422,-3.88E-14,-9.13E-15,-0.062702003,-24.7081994,0.025465666,0.148742403,0.394872964,-0.253086623,0.124361282,9.69E-27,74.79998818,0.225696888,1.57E-14,-6.16E-15,0.188305636,-24.7081994,0.025465666,0.148742403,-0.394872964,0.253086623,0.124361282,1.247633282,-6.503540153,5.432057456,1.247633282,-2.793821789,-4.512188175,-1.247633282,-2.793821789,-4.512188175,-1.247633282,-6.503540153,5.432057456,3.7,2095.376897,0,299.7453593,0,3.41E-13,1,10,1,10,10,1,10,1,1,1,1,1
36.3507755,1.90E-16,2.87E-16,1,1.14E-14,1.79E-14,2.67E-16,-0.850739013,0.525588368,2.12E-14,-0.525588368,-0.850739013,33,-0.603221078,3.296031068,0.670155101,-0.730094797,-0.133617846,0.735903226,0.630156021,0.247688981,-0.096636346,-0.264319838,0.959581388,29.6492245,3.64E-16,-2.51E-16,1,-7.76E-17,2.58E-17,2.68E-17,0.609450581,0.792824059,-7.72E-17,-0.792824059,0.609450581,33,0.603221078,-3.296031068,0.670155101,0.730094797,0.133617846,-0.735903226,0.630156021,0.247688981,0.096636346,-0.264319838,0.959581388,9.701656213,-4.95E-16,1.66E-16,5.13E-28,-8.47E-15,1.30E-14,7.68E-16,-0.366615802,-0.593631471,6.92E-15,0.593631471,-0.366615802,10,-1.98038761,-0.665788751,-0.059668757,0.02946172,-0.460473721,0.093340493,-0.101791792,-0.01875684,0.297373723,-0.324177651,-0.059223709,10.29834379,1.28E-15,-7.10E-16,5.81E-28,4.07E-16,2.03E-16,-5.40E-16,-0.425539242,0.327315971,-2.13E-16,-0.327315971,-0.425539242,10,1.98038761,0.665788751,-0.059668757,-0.02946172,0.460473721,-0.093340493,-0.101791792,-0.01875684,-0.297373723,-0.324177651,-0.059223709,-1.06E-26,125.1492545,0.408684382,9.89E-15,-2.53E-14,-0.066402753,-25.1352311,0.01930214,0.159708585,0.410676505,-0.224542721,0.110659484,-9.68E-27,77.19557824,0.23506705,-1.31E-14,6.44E-15,0.184058188,-25.1352311,0.01930214,0.159708585,-0.410676505,0.224542721,0.110659484,1.257006791,-6.820547858,4.953601069,1.257006791,-2.661403042,-4.752357694,-1.257006791,-2.661403042,-4.752357694,-1.257006791,-6.820547858,4.953601069,3.8,2095.376897,0,299.7453593,0,2.27E-13,1,10,1,10,10,1,10,1,1,1,1,1
37.32222685,1.92E-16,3.02E-16,1,1.04E-14,1.92E-14,2.72E-16,-0.885200472,0.465209763,2.19E-14,-0.465209763,-0.885200472,34,-0.798992104,3.224717481,0.664445369,-0.725402052,-0.179733733,0.744359492,0.620927807,0.245718551,-0.066643068,-0.297053064,0.952532508,30.67777315,4.03E-16,-2.73E-16,1,-7.85E-17,2.35E-17,2.50E-17,0.565603631,0.82467723,-7.80E-17,-0.82467723,0.565603631,34,0.798992104,-3.224717481,0.664445369,0.725402052,0.179733733,-0.744359492,0.620927807,0.245718551,0.066643068,-0.297053064,0.952532508,9.727370641,5.27E-16,1.22E-16,-7.99E-28,-1.07E-14,1.37E-14,-6.62E-16,-0.322613397,-0.613940631,6.37E-15,0.613940631,-0.322613397,10,-1.935032912,-0.760482995,-0.054525872,0.064393185,-0.461844032,0.075784826,-0.082772501,-0.020651765,0.302491841,-0.330486867,-0.081753887,10.27262936,-5.12E-16,2.60E-16,-5.81E-28,-4.25E-16,-2.48E-16,5.04E-16,-0.451399767,0.309747433,1.97E-16,-0.309747433,-0.451399767,10,1.935032912,0.760482995,-0.054525872,-0.064393185,0.461844032,-0.075784826,-0.082772501,-0.020651765,-0.302491841,-0.330486867,-0.081753887,1.10E-26,123.8591421,0.402602247,-3.76E-14,-8.12E-15,-0.069600997,-25.93537665,0.013037448,0.168317341,0.421217545,-0.192384523,0.095333121,9.68E-27,80.14482863,0.245199429,1.42E-14,-6.81E-15,0.176675133,-25.93537665,0.013037448,0.168317341,-0.421217545,0.192384523,0.095333121,1.285721375,-7.082007715,4.446560928,1.285721375,-2.546537865,-5.022863435,-1.285721375,-2.546537865,-5.022863435,-1.285721375,-7.082007715,4.446560928,3.9,2095.376897,0,299.7453593,2.27E-13,1.14E-13,1,10,1,10,10,1,10,1,1,1,1,1
38.29625585,1.94E-16,3.15E-16,1,9.33E-15,2.05E-14,2.78E-16,-0.915210863,0.402975279,2.25E-14,-0.402975279,-0.915210863,35,-0.990022307,3.14406718,0.659251169,-0.717206402,-0.225838157,0.751051363,0.6136288,0.243683291,-0.036190419,-0.33026455,0.943194349,31.70374415,4.49E-16,-2.74E-16,1,-7.80E-17,2.54E-17,1.88E-17,0.51920194,0.854651593,-7.99E-17,-0.854651593,0.51920194,35,0.990022307,-3.14406718,0.659251169,0.717206402,0.225838157,-0.751051363,0.6136288,0.243683291,0.036190419,-0.33026455,0.943194349,9.753209367,-4.77E-16,1.41E-16,5.03E-28,-1.09E-14,1.19E-14,7.96E-16,-0.277594418,-0.630749041,6.96E-15,0.630749041,-0.277594418,10,-1.885571149,-0.852523019,-0.049358127,0.099519812,-0.460244437,0.058052595,-0.063207626,-0.020053439,0.306561143,-0.333742855,-0.105009285,10.24679063,1.43E-15,-2.77E-16,5.81E-28,4.35E-16,2.87E-16,-6.28E-16,-0.476634041,0.289739834,-2.34E-16,-0.289739834,-0.476634041,10,1.885571149,0.852523019,-0.049358127,-0.099519812,0.460244437,-0.058052595,-0.063207626,-0.020053439,-0.306561143,-0.333742855,-0.105009285,-1.05E-26,122.9144874,0.39899906,9.27E-15,-2.76E-14,-0.07361078,-26.27778125,0.008630546,0.177022412,0.433067091,-0.162718404,0.077673661,-9.68E-27,82.51378,0.254250713,-1.53E-14,7.21E-15,0.172400599,-26.27778125,0.008630546,0.177022412,-0.433067091,0.162718404,0.077673661,1.291936313,-7.311652527,3.938238342,1.291936313,-2.365476293,-5.26576405,-1.291936313,-2.365476293,-5.26576405,-1.291936313,-7.311652527,3.938238342,4,2095.376897,-4.55E-01,299.7453593,0,3.41E-13,1,10,1,10,10,1,10,1,1,1,1,1
39.27289177,1.81E-16,3.31E-16,1,8.14E-15,2.17E-14,2.89E-16,-0.940699149,0.339241966,2.32E-14,-0.339241966,-0.940699149,36,-1.175938077,3.054339565,0.654578354,-0.705511533,-0.271625947,0.755974957,0.608291165,0.24183408,-0.005389069,-0.363641768,0.931523281,32.72710823,4.77E-16,-2.92E-16,1,-7.89E-17,2.24E-17,1.73E-17,0.470323918,0.88249386,-8.02E-17,-0.88249386,0.470323918,36,1.175938077,-3.054339565,0.654578354,0.705511533,0.271625947,-0.755974957,0.608291165,0.24183408,0.005389069,-0.363641768,0.931523281,9.779509115,2.13E-16,1.87E-16,-8.07E-28,-1.30E-14,1.23E-14,-5.85E-16,-0.232171288,-0.643917215,6.31E-15,0.643917215,-0.232171288,10,-1.832744239,-0.942029284,-0.044098177,0.13437756,-0.455511358,0.040419301,-0.04354508,-0.016930769,0.309465848,-0.333801504,-0.128412087,10.22049089,-8.63E-16,-8.60E-17,-5.81E-28,-4.53E-16,-3.46E-16,5.99E-16,-0.500926407,0.267105502,2.27E-16,-0.267105502,-0.500926407,10,1.832744239,0.942029284,-0.044098177,-0.13437756,0.455511358,-0.040419301,-0.04354508,-0.016930769,-0.309465848,-0.333801504,-0.128412087,1.10E-26,121.3983962,0.392440955,-3.49E-14,-7.09E-15,-0.077381852,-26.9442082,0.004301229,0.183243836,0.439371165,-0.129587906,0.058838583,9.68E-27,85.44239953,0.264196711,1.65E-14,-7.65E-15,0.165148277,-26.9442082,0.004301229,0.183243836,-0.439371165,0.129587906,0.058838583,1.314987381,-7.478528242,3.41144167,1.314987381,-2.195837186,-5.5391849,-1.314987381,-2.195837186,-5.5391849,-1.314987381,-7.478528242,3.41144167,4.1,2095.376897,4.55E-01,299.7453593,1.14E-13,2.27E-13,1,10,1,10,10,1,10,1,1,1,1,1
40.25216145,1.70E-16,3.40E-16,1,6.84E-15,2.29E-14,3.06E-16,-0.961624707,0.274368224,2.38E-14,-0.274368224,-0.961624707,37,-1.356383748,2.955803985,0.650432289,-0.690347958,-0.316792573,0.759130923,0.604909466,0.240426247,0.025653057,-0.396868033,0.917517131,33.74783855,5.25E-16,-3.01E-16,1,-8.09E-17,2.01E-17,1.56E-17,0.419071208,0.90795337,-8.18E-17,-0.90795337,0.419071208,37,1.356383748,-2.955803985,0.650432289,0.690347958,0.316792573,-0.759130923,0.604909466,0.240426247,-0.025653057,-0.396868033,0.917517131,9.805884403,-4.36E-16,-1.24E-18,4.94E-28,-1.30E-14,1.05E-14,9.20E-16,-0.186339887,-0.653557638,6.99E-15,0.653557638,-0.186339887,10,-1.776169195,-1.028682316,-0.038823119,0.168893952,-0.447821175,0.022700003,-0.024088903,-0.011225886,0.311376684,-0.330723804,-0.151710918,10.1941156,1.83E-15,-9.75E-17,5.81E-28,4.15E-16,3.00E-16,-6.33E-16,-0.524127791,0.242084712,-2.60E-16,-0.242084712,-0.524127791,10,1.776169195,1.028682316,-0.038823119,-0.168893952,0.447821175,-0.022700003,-0.024088903,-0.011225886,-0.311376684,-0.330723804,-0.151710918,-1.05E-26,120.2732494,0.388374602,9.09E-15,-2.96E-14,-0.081623214,-27.20656609,0.002047435,0.189201431,0.447245893,-0.099282497,0.03841464,-9.68E-27,87.75722882,0.272863411,-1.61E-14,8.17E-15,0.160860748,-27.20656609,0.002047435,0.189201431,-0.447245893,0.099282497,0.03841464,1.318764443,-7.619398022,2.890557818,1.318764443,-1.961893622,-5.774745307,-1.318764443,-1.961893622,-5.774745307,-1.318764443,-7.619398022,2.890557818,4.2,2095.376897,-9.09E-01,299.7453593,1.14E-13,1.14E-13,1,10,1,10,10,1,10,1,1,1,1,1
41.23408656,1.76E-16,3.68E-16,1,5.43E-15,2.39E-14,3.23E-16,-0.977977626,0.208709759,2.45E-14,-0.208709759,-0.977977626,38,-1.531021132,2.848734835,0.646817312,-0.671773399,-0.361037208,0.760524531,0.603440133,0.239713252,0.056831355,-0.429628334,0.901215674,34.76591344,5.76E-16,-3.20E-16,1,-8.49E-17,8.58E-18,2.30E-17,0.365569173,0.930784175,-8.22E-17,-0.930784175,0.365569173,38,1.531021132,-2.848734835,0.646817312,0.671773399,0.361037208,-0.760524531,0.603440133,0.239713252,-0.056831355,-0.429628334,0.901215674,9.832617838,5.56E-16,5.48E-16,-8.14E-28,-1.51E-14,1.06E-14,-5.68E-16,-0.14071848,-0.65961165,6.25E-15,0.65961165,-0.14071848,10,-1.716578471,-1.112700688,-0.033476432,0.202597214,-0.437071512,0.005172166,-0.005297747,-0.003034027,0.312189263,-0.32448222,-0.174318209,10.16738216,-8.25E-16,-2.84E-16,-5.81E-28,-4.95E-16,-5.31E-16,7.82E-16,-0.545912909,0.214531374,2.54E-16,-0.214531374,-0.545912909,10,1.716578471,1.112700688,-0.033476432,-0.202597214,0.437071512,-0.005172166,-0.005297747,-0.003034027,-0.312189263,-0.32448222,-0.174318209,1.10E-26,118.5297347,0.381319574,-3.45E-14,-6.03E-15,-0.085901016,-27.73812535,-1.34E-05,0.19264588,0.449314292,-0.065673175,0.017324959,9.68E-27,90.63079808,0.28255919,1.87E-14,-8.52E-15,0.153777183,-27.73812535,-1.34E-05,0.19264588,-0.449314292,0.065673175,0.017324959,1.336671716,-7.692206173,2.362619678,1.336671716,-1.733133844,-6.039217564,-1.336671716,-1.733133844,-6.039217564,-1.336671716,-7.692206173,2.362619678,4.3,2095.376897,4.55E-01,299.7453593,0,2.27E-13,1,10,1,10,10,1,10,1,1,1,1,1
42.21868692,1.70E-16,3.83E-16,1,3.94E-15,2.49E-14,3.49E-16,-0.989777797,0.142618069,2.52E-14,-0.142618069,-0.989777797,39,-1.699527827,2.733413734,0.643737384,-0.649872231,-0.404064678,0.76016478,0.603802447,0.239941893,0.088043668,-0.461615304,0.882700189,35.78131308,6.30E-16,-3.30E-16,1,-9.08E-17,-5.73E-18,3.36E-17,0.309966666,0.950747425,-8.46E-17,-0.950747425,0.309966666,39,1.699527827,-2.733413734,0.643737384,0.649872231,0.404064678,-0.76016478,0.603802447,0.239941893,-0.088043668,-0.461615304,0.882700189,9.85938936,-6.66E-16,-2.49E-16,4.85E-28,-1.48E-14,8.65E-15,1.08E-15,-0.095284937,-0.662222164,7.01E-15,0.662222164,-0.095284937,10,-1.653555434,-1.193721329,-0.028122128,0.23542615,-0.423477899,-0.01236718,0.012544016,0.007606846,0.312057007,-0.315257169,-0.195991493,10.14061064,1.91E-15,8.86E-17,5.81E-28,3.77E-16,2.45E-16,-5.71E-16,-0.566137237,0.184733633,-3.03E-16,-0.184733633,-0.566137237,10,1.653555434,1.193721329,-0.028122128,-0.23542615,0.423477899,0.01236718,0.012544016,0.007606846,-0.312057007,-0.315257169,-0.195991493,-1.04E-26,117.2255697,0.37675474,1.04E-14,-3.14E-14,-0.090311877,-27.92398954,0.000119182,0.195548766,0.453242925,-0.035181747,-0.00450307,-9.68E-27,92.86641232,0.290785602,-1.71E-14,9.32E-15,0.149491026,-27.92398954,0.000119182,0.195548766,-0.453242925,0.035181747,-0.00450307,1.338576129,-7.746640685,1.846130122,1.338576129,-1.444336981,-6.255933999,-1.338576129,-1.444336981,-6.255933999,-1.338576129,-7.746640685,1.846130122,4.4,2095.376897,4.55E-01,299.7453593,0,1.71E-13,1,10,1,10,10,1,10,1,1,1,1,1
43.20597758,1.69E-16,4.01E-16,1,2.35E-15,2.57E-14,3.82E-16,-0.997074453,0.076436481,2.58E-14,-0.076436481,-0.997074453,40,-1.861595855,2.610125115,0.641195516,-0.624755282,-0.445588542,0.75806455,0.605879692,0.241346091,0.119190803,-0.492534909,0.862092174,36.79402242,6.71E-16,-3.44E-16,1,-1.01E-16,-4.40E-17,6.80E-17,0.252436111,0.967613564,-8.65E-17,-0.967613564,0.252436111,40,1.861595855,-2.610125115,0.641195516,0.624755282,0.445588542,-0.75806455,0.605879692,0.241346091,-0.119190803,-0.492534909,0.862092174,9.886423875,6.33E-16,6.16E-16,-8.21E-28,-1.68E-14,8.58E-15,-4.28E-16,-0.050648188,-0.661409581,6.17E-15,0.661409581,-0.050648188,10,-1.587805135,-1.272051063,-0.022715225,0.266912839,-0.406999369,-0.029637419,0.029000897,0.020477121,0.310885697,-0.303134935,-0.216168816,10.11357613,-1.09E-15,-3.76E-16,-5.81E-28,-5.78E-16,-1.01E-15,1.26E-15,-0.584473866,0.152589156,2.64E-16,-0.152589156,-0.584473866,10,1.587805135,1.272051063,-0.022715225,-0.266912839,0.406999369,0.029637419,0.029000897,0.020477121,-0.310885697,-0.303134935,-0.216168816,1.09E-26,115.25929,0.369195121,-3.25E-14,-4.78E-15,-0.095041719,-28.31923075,0.000493317,0.196009084,0.451122674,-0.001562085,-0.02647087,9.68E-27,95.65285147,0.300175065,2.45E-14,-9.39E-15,0.142612573,-28.31923075,0.000493317,0.196009084,-0.451122674,0.001562085,-0.02647087,1.351725724,-7.729909408,1.334839717,1.351725724,-1.154879462,-6.498133676,-1.351725724,-1.154879462,-6.498133676,-1.351725724,-7.729909408,1.334839717,4.5,2095.376897,0,299.7453593,-1.14E-13,1.71E-13,1,10,1,10,10,1,10,1,1,1,1,1
44.19597215,1.66E-16,4.15E-16,1,6.96E-16,2.65E-14,4.17E-16,-0.999944886,0.010498836,2.65E-14,-0.010498836,-0.999944886,41,-2.016930473,2.479159019,0.63919443,-0.596558791,-0.485332968,0.754239867,0.609521654,0.244142534,0.150175578,-0.522112021,0.839551269,37.80402785,7.19E-16,-3.41E-16,1,-1.10E-16,-8.06E-17,1.00E-16,0.193172697,0.981164772,-9.28E-17,-0.981164772,0.193172697,41,2.016930473,-2.479159019,0.63919443,0.596558791,0.485332968,-0.754239867,0.609521654,0.244142534,-0.150175578,-0.522112021,0.839551269,9.913467488,-6.82E-16,-3.44E-16,4.76E-28,-1.64E-14,6.58E-15,1.15E-15,-0.006760472,-0.657343332,7.01E-15,0.657343332,-0.006760472,10,-1.518887209,-1.347270857,-0.017306502,0.29701697,-0.387889161,-0.046856252,0.043838327,0.035451739,0.308809799,-0.288407309,-0.234649279,10.08653251,2.04E-15,4.37E-16,5.81E-28,3.87E-16,2.76E-16,-6.10E-16,-0.600794412,0.11843499,-3.88E-16,-0.11843499,-0.600794412,10,1.518887209,1.347270857,-0.017306502,-0.29701697,0.387889161,0.046856252,0.043838327,0.035451739,-0.308809799,-0.288407309,-0.234649279,-1.04E-26,113.782164,0.364109505,8.02E-15,-3.30E-14,-0.099573185,-28.43131376,0.003071211,0.195740049,0.451169779,0.028693356,-0.048266508,-9.68E-27,97.78648313,0.307915657,-2.45E-14,1.09E-14,0.138342229,-28.43131376,0.003071211,0.195740049,-0.451169779,-0.028693356,-0.048266508,1.352180653,-7.703733008,0.838409727,1.352180653,-0.811940456,-6.683569641,-1.352180653,-0.811940456,-6.683569641,-1.352180653,-7.703733008,0.838409727,4.6,2095.376897,0,299.7453593,2.27E-13,1.71E-13,1,10,1,10,10,1,10,1,1,1,1,1
45.18867974,1.55E-16,4.23E-16,1,-1.04E-15,2.71E-14,4.51E-16,-0.998493275,-0.054874215,2.71E-14,0.054874215,-0.998493275,42,-2.16524809,2.340807374,0.637735947,-0.565443657,-0.523035689,0.748710133,0.614547346,0.248525043,0.180903285,-0.550095474,0.815272329,38.81132026,7.79E-16,-3.57E-16,1,-1.14E-16,-1.10E-16,1.24E-16,0.132394039,0.991197164,-9.87E-17,-0.991197164,0.132394039,42,2.16524809,-2.340807374,0.637735947,0.565443657,0.523035689,-0.748710133,0.614547346,0.248525043,-0.180903285,-0.550095474,0.815272329,9.94068426,4.60E-16,5.19E-16,-8.27E-28,-1.83E-14,6.31E-15,-4.68E-16,0.035792682,-0.650117673,6.09E-15,0.650117673,0.035792682,10,-1.447465141,-1.41976203,-0.011863148,0.32528571,-0.366165267,-0.063738429,0.056675512,0.052198437,0.305744345,-0.271261753,-0.250929517,10.05931574,-8.48E-16,-7.50E-16,-5.81E-28,-4.65E-16,-8.64E-16,1.09E-15,-0.614778738,0.082212861,2.69E-16,-0.082212861,-0.614778738,10,1.447465141,1.41976203,-0.011863148,-0.32528571,0.366165267,0.063738429,0.056675512,0.052198437,-0.305744345,-0.271261753,-0.250929517,1.09E-26,111.6030874,0.356049292,-3.17E-14,-3.71E-15,-0.104709608,-28.68882776,0.005874171,0.193196457,0.444941466,0.061879231,-0.069703046,9.68E-27,100.456288,0.3169506,2.11E-14,-1.09E-14,0.131703547,-28.68882776,0.005874171,0.193196457,-0.444941466,-0.061879231,-0.069703046,1.360838617,-7.605613459,0.35974823,1.360838617,-0.463406594,-6.889369136,-1.360838617,-0.463406594,-6.889369136,-1.360838617,-7.605613459,0.35974823,4.7,2095.376897,-4.55E-01,299.7453593,1.14E-13,3.41E-13,1,10,1,10,10,1,10,1,1,1,1,1
46.18410829,1.33E-16,4.22E-16,1,-2.85E-15,2.77E-14,4.74E-16,-0.992849089,-0.119376242,2.78E-14,0.119376242,-0.992849089,43,-2.306275797,2.195367299,0.636821659,-0.531593929,-0.558449702,0.741497563,0.620748821,0.254661078,0.211280711,-0.576262783,0.789481897,39.81589171,8.35E-16,-3.68E-16,1,-1.17E-16,-1.24E-16,1.32E-16,0.07033877,0.997523161,-1.08E-16,-0.997523161,0.07033877,43,2.306275797,-2.195367299,0.636821659,0.531593929,0.558449702,-0.741497563,0.620748821,0.254661078,-0.211280711,-0.576262783,0.789481897,9.96788691,-9.06E-16,-5.44E-16,4.67E-28,-1.79E-14,4.26E-15,9.13E-16,0.077091048,-0.639922871,7.01E-15,0.639922871,0.077091048,10,-1.373088988,-1.489039474,-0.006422618,0.351708845,-0.342114976,-0.080512966,0.067354001,0.07052227,0.301804161,-0.252084427,-0.264879121,10.03211309,1.97E-15,5.35E-16,5.81E-28,4.12E-16,5.88E-16,-9.34E-16,-0.626326643,0.044307081,-4.53E-16,-0.044307081,-0.626326643,10,1.373088988,1.489039474,-0.006422618,-0.351708845,0.342114976,0.080512966,0.067354001,0.07052227,-0.301804161,-0.252084427,-0.264879121,-1.03E-26,109.9628378,0.350432427,3.56E-15,-3.46E-14,-0.109323597,-28.72908946,0.010781999,0.189828519,0.441196265,0.091504481,-0.090043596,-9.68E-27,102.4674762,0.324170046,-2.56E-14,1.21E-14,0.127464045,-28.72908946,0.010781999,0.189828519,-0.441196265,-0.091504481,-0.090043596,1.360132468,-7.507628648,-0.103044391,1.360132468,-0.070013342,-7.030788727,-1.360132468,-0.070013342,-7.030788727,-1.360132468,-7.507628648,-0.103044391,4.8,2095.376897,0,299.7453593,0,1.71E-13,1,10,1,10,10,1,10,1,1,1,1,1
47.18226144,1.08E-16,4.18E-16,1,-4.71E-15,2.81E-14,4.96E-16,-0.983165302,-0.18271833,2.85E-14,0.18271833,-0.983165302,44,-2.439748803,2.043138184,0.636452288,-0.495215542,-0.591345967,0.7326275,0.627895232,0.262687122,0.241216568,-0.600424137,0.762433881,40.81773856,8.94E-16,-3.80E-16,1,-1.16E-16,-1.42E-16,1.43E-16,0.007265781,0.999973604,-1.15E-16,-0.999973604,0.007265781,44,2.439748803,-2.043138184,0.636452288,0.495215542,0.591345967,-0.7326275,0.627895232,0.262687122,-0.241216568,-0.600424137,0.762433881,9.995175967,3.98E-16,4.57E-16,-8.34E-28,-1.94E-14,3.86E-15,-4.62E-16,0.116584679,-0.626918901,6.04E-15,0.626918901,0.116584679,10,-1.296371133,-1.555542829,-0.000964807,0.375858905,-0.315810335,-0.096888306,0.075574218,0.089998613,0.296912978,-0.231142655,-0.276081203,10.00482403,-7.88E-16,-7.76E-16,-5.81E-28,-4.02E-16,-9.47E-16,1.15E-15,-0.635133132,0.004701769,3.05E-16,-0.004701769,-0.635133132,10,1.296371133,1.555542829,-0.000964807,-0.375858905,0.315810335,0.096888306,0.075574218,0.089998613,-0.296912978,-0.231142655,-0.276081203,1.09E-26,107.5855858,0.341885997,-2.50E-14,-2.94E-15,-0.114828045,-28.84773891,0.015839381,0.184443634,0.43096506,0.123832132,-0.109592671,9.68E-27,104.9939889,0.332810277,2.61E-14,-1.26E-14,0.121098797,-28.84773891,0.015839381,0.184443634,-0.43096506,-0.123832132,-0.109592671,1.36445285,-7.339264587,-0.535714336,1.36445285,0.332520891,-7.186049896,-1.36445285,0.332520891,-7.186049896,-1.36445285,-7.339264587,-0.535714336,4.9,2095.376897,0,299.7453593,0,2.84E-13,1,10,1,10,10,1,10,1,1,1,1,1
48.18314178,1.04E-16,4.25E-16,1,-6.61E-15,2.84E-14,5.31E-16,-0.969616562,-0.244629768,2.91E-14,0.244629768,-0.969616562,45,-2.565410845,1.884425316,0.636628355,-0.456534393,-0.621514831,0.722128013,0.635737647,0.272706394,0.270620528,-0.622425893,0.734404887,41.81685822,9.64E-16,-3.81E-16,1,-1.16E-16,-1.81E-16,1.74E-16,-0.056547776,0.998399894,-1.26E-16,-0.998399894,-0.056547776,45,2.565410845,-1.884425316,0.636628355,0.456534393,0.621514831,-0.722128013,0.635737647,0.272706394,-0.270620528,-0.622425893,0.734404887,10.02243082,-4.60E-16,-3.05E-16,4.59E-28,-1.85E-14,1.86E-15,1.16E-15,0.154390134,-0.611309849,7.01E-15,0.611309849,0.154390134,10,-1.216869705,-1.61871452,0.004486165,0.397764075,-0.287566945,-0.113101433,0.08127408,0.110386822,0.291166234,-0.208892461,-0.284498686,9.977569176,2.19E-15,7.55E-16,5.81E-28,4.04E-16,1.63E-16,-5.21E-16,-0.641138017,-0.036175959,-5.24E-16,0.036175959,-0.641138017,10,1.216869705,1.61871452,0.004486165,-0.397764075,0.287566945,0.113101433,0.08127408,0.110386822,-0.291166234,-0.208892461,-0.284498686,-1.03E-26,105.7952062,0.33573841,6.23E-15,-3.55E-14,-0.11949486,-28.81741652,0.022796489,0.178230798,0.423534149,0.152453838,-0.127154117,-9.68E-27,106.8646216,0.339483469,-1.82E-14,1.39E-14,0.116906907,-28.81741652,0.022796489,0.178230798,-0.423534149,-0.152453838,-0.127154117,1.362742878,-7.180570017,-0.953980982,1.362742878,0.769572729,-7.271150002,-1.362742878,0.769572729,-7.271150002,-1.362742878,-7.180570017,-0.953980982,5,2095.376897,4.55E-01,299.7453593,2.27E-13,2.27E-13,1,10,1,10,10,1,10,1,1,1,1,1
49.18674763,8.19E-17,4.34E-16,1,-8.55E-15,2.85E-14,5.51E-16,-0.952396917,-0.30486081,2.98E-14,0.30486081,-0.952396917,46,-2.6830114,1.719537815,0.637349526,-0.415794637,-0.648768373,0.710030306,0.644014082,0.284785581,0.299403651,-0.642153161,0.705688863,42.81325237,1.04E-15,-3.88E-16,1,-1.13E-16,-2.06E-16,1.91E-16,-0.120807643,0.992675936,-1.38E-16,-0.992675936,-0.120807643,46,2.6830114,-1.719537815,0.637349526,0.415794637,0.648768373,-0.710030306,0.644014082,0.284785581,-0.299403651,-0.642153161,0.705688863,10.04968627,1.11E-17,4.74E-16,-8.41E-28,-2.03E-14,1.24E-15,-7.61E-16,0.190002768,-0.593310989,5.98E-15,0.593310989,0.190002768,10,-1.1351414,-1.679035507,0.009937253,0.417031048,-0.257503888,-0.128852705,0.084254617,0.131196915,0.284496215,-0.185652903,-0.289821783,9.950313734,-6.84E-16,-9.08E-16,-5.81E-28,-3.46E-16,-6.66E-16,8.58E-16,-0.644059328,-0.078303213,3.01E-16,0.078303213,-0.644059328,10,1.1351414,1.679035507,0.009937253,-0.417031048,0.257503888,0.128852705,0.084254617,0.131196915,-0.284496215,-0.185652903,-0.289821783,1.09E-26,103.2385219,0.326729565,-3.11E-14,-1.89E-15,-0.125333327,-28.79647595,0.029778508,0.170336071,0.409425068,0.183511553,-0.143592411,9.68E-27,109.2243402,0.347696984,1.27E-14,-1.37E-14,0.110849079,-28.79647595,0.029778508,0.170336071,-0.409425068,-0.183511553,-0.143592411,1.362772112,-6.955293828,-1.330502494,1.362772112,1.217536739,-7.36260119,-1.362772112,1.217536739,-7.36260119,-1.362772112,-6.955293828,-1.330502494,5.1,2095.376897,-4.55E-01,299.7453593,0,2.84E-13,1,10,1,10,10,1,10,1,1,1,1,1
50.19307634,5.64E-17,4.40E-16,1,-1.05E-14,2.85E-14,5.71E-16,-0.931717836,-0.363182977,3.04E-14,0.363182977,-0.931717836,47,-2.792307087,1.548792328,0.638615269,-0.373256418,-0.672941442,0.696368471,0.652454942,0.298954012,0.327477465,-0.6595318,0.67659169,43.80692366,1.09E-15,-3.87E-16,1,-1.10E-16,-2.32E-16,2.07E-16,-0.185204999,0.982699908,-1.51E-16,-0.982699908,-0.185204999,47,2.792307087,-1.548792328,0.638615269,0.373256418,0.672941442,-0.696368471,0.652454942,0.298954012,-0.327477465,-0.6595318,0.67659169,10.07688798,-5.23E-16,-3.51E-16,4.49E-28,-1.90E-14,-6.41E-16,1.16E-15,0.223578848,-0.573132349,7.03E-15,0.573132349,0.223578848,10,-1.050772337,-1.735874244,0.015377596,0.433733316,-0.2259575,-0.144383983,0.084562577,0.152171703,0.27698008,-0.161919874,-0.292121689,9.923112018,1.61E-15,9.35E-16,5.81E-28,4.14E-16,1.55E-16,-5.30E-16,-0.643887783,-0.121217348,-5.72E-16,0.121217348,-0.643887783,10,1.050772337,1.735874244,0.015377596,-0.433733316,0.2259575,0.144383983,0.084562577,0.152171703,-0.27698008,-0.161919874,-0.292121689,-1.02E-26,101.3137079,0.320062238,9.93E-15,-3.68E-14,-0.130029319,-28.69608386,0.038356617,0.161695825,0.3984298,0.210768617,-0.157226822,-9.68E-27,110.938784,0.353809118,-1.16E-14,1.46E-14,0.106725,-28.69608386,0.038356617,0.161695825,-0.3984298,-0.210768617,-0.157226822,1.360085765,-6.748497497,-1.696421559,1.360085765,1.68840872,-7.380295298,-1.360085765,1.68840872,-7.380295298,-1.360085765,-6.748497497,-1.696421559,5.2,2095.376897,4.55E-01,299.7453593,2.27E-13,1.42E-13,1,10,1,10,10,1,10,1,1,1,1,1
51.20212091,2.84E-17,4.30E-16,1,-1.25E-14,2.84E-14,6.02E-16,-0.907805598,-0.419391221,3.11E-14,0.419391221,-0.907805598,48,-2.893058886,1.372511779,0.640424181,-0.329193821,-0.693893577,0.681179984,0.660788585,0.315201959,0.354754418,-0.674529372,0.64742523,44.79787909,1.16E-15,-3.77E-16,1,-1.04E-16,-2.58E-16,2.24E-16,-0.249417957,0.968395933,-1.65E-16,-0.968395933,-0.249417957,48,2.893058886,-1.372511779,0.640424181,0.329193821,0.693893577,-0.681179984,0.660788585,0.315201959,-0.354754418,-0.674529372,0.64742523,10.10400327,-3.66E-17,1.47E-16,-8.48E-28,-2.03E-14,-1.24E-15,-5.33E-16,0.25466591,-0.551032545,5.92E-15,0.551032545,0.25466591,10,-0.964263649,-1.789736724,0.020800654,0.44751864,-0.1930852,-0.159385761,0.082110294,0.172787237,0.268558968,-0.138031573,-0.291207497,9.89599673,-2.18E-16,-7.28E-16,-5.81E-28,-2.87E-16,-6.76E-16,8.59E-16,-0.64037137,-0.164862144,2.99E-16,0.164862144,-0.64037137,10,0.964263649,1.789736724,0.020800654,-0.44751864,0.1930852,0.159385761,0.082110294,0.172787237,-0.268558968,-0.138031573,-0.291207497,1.08E-26,98.60002689,0.310623559,-2.43E-14,-4.75E-16,-0.136170142,-28.53530046,0.046798736,0.151770507,0.380587573,0.240150015,-0.169535198,9.68E-27,113.1117284,0.361572437,1.10E-14,-1.44E-14,0.101010709,-28.53530046,0.046798736,0.151770507,-0.380587573,-0.240150015,-0.169535198,1.355764391,-6.480928599,-2.010179311,1.355764391,2.169940254,-7.396427276,-1.355764391,2.169940254,-7.396427276,-1.355764391,-6.480928599,-2.010179311,5.3,2095.376897,-4.55E-01,299.7453593,2.27E-13,3.13E-13,1,10,1,10,10,1,10,1,1,1,1,1
52.21387323,7.56E-18,4.19E-16,1,-1.44E-14,2.82E-14,6.41E-16,-0.880899257,-0.473303813,3.17E-14,0.473303813,-0.880899257,49,-2.985034572,1.191028867,0.642774647,-0.283892342,-0.711509586,0.664505592,0.668746945,0.333481396,0.381147048,-0.687155486,0.61850163,45.78612677,1.21E-15,-3.72E-16,1,-9.23E-17,-2.98E-16,2.54E-16,-0.313114572,0.94971536,-1.81E-16,-0.94971536,-0.313114572,49,2.985034572,-1.191028867,0.642774647,0.283892342,0.711509586,-0.664505592,0.668746945,0.333481396,-0.381147048,-0.687155486,0.61850163,10.13104325,-3.80E-16,-3.57E-16,4.41E-28,-1.89E-14,-3.05E-15,1.31E-15,0.283460912,-0.527219291,7.03E-15,0.527219291,0.283460912,10,-0.875250067,-1.839921519,0.02620865,0.458510926,-0.159234987,-0.174102084,0.077056907,0.192801509,0.259293628,-0.11449069,-0.287264501,9.868956748,1.35E-15,8.21E-16,5.81E-28,5.15E-16,-1.19E-16,-2.61E-16,-0.633560939,-0.208749317,-6.21E-16,0.208749317,-0.633560939,10,0.875250067,1.839921519,0.02620865,-0.458510926,0.159234987,0.174102084,0.077056907,0.192801509,-0.259293628,-0.11449069,-0.287264501,-1.02E-26,96.55887457,0.303457652,7.26E-15,-3.74E-14,-0.140875596,-28.364615,0.056446989,0.141258998,0.366166193,0.265685292,-0.178338695,-9.68E-27,114.657077,0.367119277,-5.15E-15,1.54E-14,0.096980147,-28.364615,0.056446989,0.141258998,-0.366166193,-0.265685292,-0.178338695,1.351999101,-6.239326845,-2.319143918,1.351999101,2.662031353,-7.337623475,-1.351999101,2.662031353,-7.337623475,-1.351999101,-6.239326845,-2.319143918,5.4,2095.376897,0,299.7453593,0,3.55E-13,1,10,1,10,10,1,10,1,1,1,1,1
53.22832072,-8.67E-18,4.24E-16,1,-1.64E-14,2.79E-14,6.85E-16,-0.851247838,-0.524763868,3.23E-14,0.524763868,-0.851247838,50,-3.068006139,1.004685521,0.645664144,-0.237646611,-0.725700973,0.646389892,0.676071151,0.353705959,0.40656847,-0.697461029,0.590127268,46.77167928,1.28E-15,-3.77E-16,1,-7.12E-17,-3.53E-16,3.01E-16,-0.375954617,0.926638077,-1.99E-16,-0.926638077,-0.375954617,50,3.068006139,-1.004685521,0.645664144,0.237646611,0.725700973,-0.646389892,0.676071151,0.353705959,-0.40656847,-0.697461029,0.590127268,10.15790647,5.54E-17,4.61E-16,-8.54E-28,-2.01E-14,-3.65E-15,-4.14E-16,0.309567455,-0.501981817,5.86E-15,0.501981817,0.309567455,10,-0.784181277,-1.886945395,0.031581295,0.466403711,-0.124592738,-0.188211911,0.069427217,0.211689752,0.249134814,-0.091620177,-0.280222744,9.842093526,7.95E-17,-9.18E-16,-5.81E-28,-9.36E-17,-9.98E-16,1.20E-15,-0.623239966,-0.252796341,2.60E-16,0.252796341,-0.623239966,10,0.784181277,1.886945395,0.031581295,-0.466403711,0.124592738,0.188211911,0.069427217,0.211689752,-0.249134814,-0.091620177,-0.280222744,1.08E-26,93.71397483,0.293630096,-2.16E-14,8.43E-16,-0.147287548,-28.06419369,0.065777467,0.129902477,0.344759488,0.292983355,-0.185763388,9.68E-27,116.6272314,0.37441802,1.03E-14,-1.46E-14,0.091649794,-28.06419369,0.065777467,0.129902477,-0.344759488,-0.292983355,-0.185763388,1.343161132,-5.944449302,-2.567143598,1.343161132,3.162429682,-7.269531184,-1.343161132,3.162429682,-7.269531184,-1.343161132,-5.944449302,-2.567143598,5.5,2095.376897,0,299.7453593,0,3.41E-13,1,10,1,10,10,1,10,1,1,1,1,1
54.24544945,-3.40E-17,4.32E-16,1,-1.83E-14,2.74E-14,7.20E-16,-0.819108354,-0.573638828,3.30E-14,0.573638828,-0.819108354,51,-3.141753211,0.813835908,0.64908989,-0.190757712,-0.736406009,0.626881331,0.682516859,0.375753289,0.430931679,-0.70553684,0.562597241,47.75455055,1.34E-15,-3.70E-16,1,-5.27E-17,-3.97E-16,3.34E-16,-0.437592931,0.899173191,-2.21E-16,-0.899173191,-0.437592931,51,3.141753211,-0.813835908,0.64908989,0.190757712,0.736406009,-0.626881331,0.682516859,0.375753289,-0.430931679,-0.70553684,0.562597241,10.18466813,-5.62E-16,-3.11E-16,4.33E-28,-1.88E-14,-5.53E-15,1.11E-15,0.333222233,-0.475517364,7.01E-15,0.475517364,0.333222233,10,-0.690760172,-1.930046868,0.036933625,0.471374267,-0.08950799,-0.201959318,0.059486944,0.229256833,0.238129372,-0.069896038,-0.270377793,9.815331873,1.09E-15,1.05E-15,5.81E-28,4.65E-16,1.31E-16,-5.40E-16,-0.609526302,-0.296501384,-7.02E-16,0.296501384,-0.609526302,10,0.690760172,1.930046868,0.036933625,-0.471374267,0.08950799,0.201959318,0.059486944,0.229256833,-0.238129372,-0.069896038,-0.270377793,-1.01E-26,91.57680621,0.285996866,7.08E-16,-3.79E-14,-0.151984951,-27.82222496,0.075854191,0.118183091,0.327073491,0.316437477,-0.189132799,-9.68E-27,117.9937015,0.379406407,-1.34E-14,1.62E-14,0.087746289,-27.82222496,0.075854191,0.118183091,-0.327073491,-0.316437477,-0.189132799,1.338082618,-5.681236305,-2.817692664,1.338082618,3.660874181,-7.127839936,-1.338082618,3.660874181,-7.127839936,-1.338082618,-5.681236305,-2.817692664,5.6,2095.376897,4.55E-01,299.7453593,-2.27E-13,3.07E-13,1,10,1,10,10,1,10,1,1,1,1,1
55.26524071,-5.85E-17,4.36E-16,1,-2.02E-14,2.69E-14,7.61E-16,-0.78474295,-0.619821347,3.36E-14,0.619821347,-0.78474295,52,-3.206060821,0.618846455,0.653048143,-0.143530786,-0.743590638,0.606032851,0.68785945,0.399466595,0.454150093,-0.711511272,0.536189708,48.73475929,1.41E-15,-3.49E-16,1,-3.07E-17,-4.37E-16,3.64E-16,-0.497681378,0.867359929,-2.44E-16,-0.867359929,-0.497681378,52,3.206060821,-0.618846455,0.653048143,0.143530786,0.743590638,-0.606032851,0.68785945,0.399466595,-0.454150093,-0.711511272,0.536189708,10.21115717,7.26E-17,4.01E-16,-8.61E-28,-1.95E-14,-5.91E-15,-2.90E-16,0.354085842,-0.448133023,5.81E-15,0.448133023,0.354085842,10,-0.595392016,-1.969742206,0.042231435,0.473164245,-0.054184582,-0.21501028,0.047364871,0.245009297,0.226238902,-0.049592611,-0.257772873,9.788842827,3.60E-16,-6.28E-16,-5.81E-28,-2.54E-17,-9.35E-16,1.14E-15,-0.592242648,-0.339763859,2.40E-16,0.339763859,-0.592242648,10,0.595392016,1.969742206,0.042231435,-0.473164245,0.054184582,0.21501028,0.047364871,0.245009297,-0.226238902,-0.049592611,-0.257772873,1.08E-26,88.62951307,0.275829535,-1.29E-14,1.75E-15,-0.158635783,-27.38273352,0.085427914,0.106081223,0.30230263,0.341241648,-0.191234592,9.68E-27,119.749557,0.386236168,1.19E-14,-1.55E-14,0.082846874,-27.38273352,0.085427914,0.106081223,-0.30230263,-0.341241648,-0.191234592,1.324452329,-5.373527068,-3.000400655,1.324452329,4.163288541,-6.969934514,-1.324452329,4.163288541,-6.969934514,-1.324452329,-5.373527068,-3.000400655,5.7,2095.376897,0,299.7453593,-2.27E-13,3.20E-13,1,10,1,10,10,1,10,1,1,1,1,1
56.28767412,-7.83E-17,4.32E-16,1,-2.21E-14,2.62E-14,8.12E-16,-0.748417061,-0.663228394,3.43E-14,0.663228394,-0.748417061,53,-3.26072365,0.420098096,0.657534824,-0.096272331,-0.747248013,0.583901967,0.691898613,0.424658453,0.476137005,-0.715547306,0.511161037,49.71232588,1.48E-15,-3.41E-16,1,2.86E-18,-4.92E-16,4.10E-16,-0.555872399,0.831267632,-2.71E-16,-0.831267632,-0.555872399,53,3.26072365,-0.420098096,0.657534824,0.096272331,0.747248013,-0.583901967,0.691898613,0.424658453,-0.476137005,-0.715547306,0.511161037,10.23751099,-4.70E-16,-4.91E-16,4.26E-28,-1.80E-14,-7.61E-15,1.31E-15,0.372431938,-0.420007916,6.99E-15,0.420007916,0.372431938,10,-0.497864576,-2.005224973,0.047502198,0.472004853,-0.018962921,-0.227607391,0.03341839,0.258827862,0.213499334,-0.03112807,-0.242800551,9.76248901,9.22E-16,7.86E-16,5.81E-28,6.96E-16,-1.55E-16,-2.14E-16,-0.571577768,-0.382082073,-7.75E-16,0.382082073,-0.571577768,10,0.497864576,2.005224973,0.047502198,-0.472004853,0.018962921,0.227607391,0.03341839,0.258827862,-0.213499334,-0.03112807,-0.242800551,-1.01E-26,86.41880061,0.267770352,7.89E-16,-3.76E-14,-0.163308603,-27.0676736,0.095238429,0.093887189,0.281546225,0.362250555,-0.188910532,-9.68E-27,120.9310516,0.39068483,-4.72E-15,1.71E-14,0.079114231,-27.0676736,0.095238429,0.093887189,-0.281546225,-0.362250555,-0.188910532,1.317690849,-5.101089464,-3.193962579,1.317690849,4.651654593,-6.742239244,-1.317690849,4.651654593,-6.742239244,-1.317690849,-5.101089464,-3.193962579,5.8,2095.376897,0,299.7453593,0,2.98E-13,1,10,1,10,10,1,10,1,1,1,1,1
57.3127241,-1.06E-16,4.27E-16,1,-2.40E-14,2.54E-14,8.56E-16,-0.710396649,-0.703801535,3.49E-14,0.703801535,-0.710396649,54,-3.305544244,0.217986689,0.662544819,-0.049287801,-0.747398873,0.56055147,0.694462671,0.451113786,0.496806211,-0.717838638,0.487740994,50.6872759,1.54E-15,-3.08E-16,1,3.23E-17,-5.33E-16,4.41E-16,-0.611821048,0.790996211,-3.00E-16,-0.790996211,-0.611821048,54,3.305544244,-0.217986689,0.662544819,0.049287801,0.747398873,-0.56055147,0.694462671,0.451113786,-0.496806211,-0.717838638,0.487740994,10.26348851,-8.15E-17,3.88E-16,-8.68E-28,-1.88E-14,-8.12E-15,-4.43E-16,0.387976298,-0.391454904,5.76E-15,0.391454904,0.387976298,10,-0.398547294,-2.037003152,0.052697702,0.467685757,0.015945727,-0.239402555,0.017862775,0.27027879,0.199884801,-0.014698574,-0.225600296,9.736511488,3.73E-16,-1.19E-16,-5.81E-28,-1.06E-16,-6.66E-16,8.31E-16,-0.547395216,-0.423346357,1.87E-16,0.423346357,-0.547395216,10,0.398547294,2.037003152,0.052697702,-0.467685757,-0.015945727,0.239402555,0.017862775,0.27027879,-0.199884801,-0.014698574,-0.225600296,1.07E-26,83.40072671,0.257320344,-1.55E-14,2.76E-15,-0.170164194,-26.48985593,0.104376325,0.081773267,0.253653027,0.384148214,-0.185599468,9.68E-27,122.4662664,0.397052384,-9.04E-16,-1.58E-14,0.074701699,-26.48985593,0.104376325,0.081773267,-0.253653027,-0.384148214,-0.185599468,1.298876076,-4.793758303,-3.314940821,1.298876076,5.137969812,-6.492758733,-1.298876076,5.137969812,-6.492758733,-1.298876076,-4.793758303,-3.314940821,5.9,2095.376897,0,299.7453593,-2.27E-13,2.56E-13,1,10,1,10,10,1,10,1,1,1,1,1
58.34036287,-1.31E-16,4.23E-16,1,-2.58E-14,2.45E-14,8.90E-16,-0.670946577,-0.741505691,3.55E-14,0.741505691,-0.670946577,55,-3.340337865,0.012924297,0.668072574,-0.002879004,-0.744090551,0.536049537,0.695412015,0.478594842,0.516071632,-0.718605484,0.466128983,51.65963713,1.60E-15,-2.72E-16,1,5.90E-17,-5.65E-16,4.61E-16,-0.665188569,0.74667541,-3.32E-16,-0.74667541,-0.665188569,55,3.340337865,-0.012924297,0.668072574,0.002879004,0.744090551,-0.536049537,0.695412015,0.478594842,-0.516071632,-0.718605484,0.466128983,10.2892869,-4.19E-16,-4.64E-16,4.18E-28,-1.72E-14,-9.72E-15,1.13E-15,0.401025146,-0.362628229,6.97E-15,0.362628229,0.401025146,10,-0.297325124,-2.064244698,0.05785738,0.46049017,0.050220711,-0.250636095,0.001124091,0.279342347,0.18542362,-0.000638332,-0.206639926,9.710713102,8.41E-16,8.40E-16,5.81E-28,6.39E-16,2.25E-17,-4.34E-16,-0.519955195,-0.463069651,-8.14E-16,0.463069651,-0.519955195,10,0.297325124,2.064244698,0.05785738,-0.46049017,-0.050220711,0.250636095,0.001124091,0.279342347,-0.18542362,-0.000638332,-0.206639926,-1.01E-26,81.1410897,0.248886701,-8.07E-16,-3.76E-14,-0.174796286,-26.09897982,0.113215895,0.06986512,0.230064085,0.402345544,-0.177692974,-9.68E-27,123.4611192,0.400993066,-8.85E-16,1.69E-14,0.071196379,-26.09897982,0.113215895,0.06986512,-0.230064085,-0.402345544,-0.177692974,1.28991933,-4.523096639,-3.455430922,1.28991933,5.59912036,-6.179585555,-1.28991933,5.59912036,-6.179585555,-1.28991933,-4.523096639,-3.455430922,6,2095.376897,-9.09E-01,299.7453593,-2.27E-13,3.13E-13,1,10,1,10,10,1,10,1,1,1,1,1
59.37055696,-1.62E-16,3.99E-16,1,-2.75E-14,2.35E-14,9.35E-16,-0.630328058,-0.776328886,3.62E-14,0.776328886,-0.630328058,56,-3.364931146,-0.194660187,0.674111391,0.042658171,-0.737396849,0.510470471,0.69464217,0.506845296,0.533848041,-0.718089504,0.446490463,52.62944304,1.67E-15,-2.64E-16,1,1.01E-16,-6.08E-16,4.97E-16,-0.7156444,0.698464811,-3.65E-16,-0.698464811,-0.7156444,56,3.364931146,0.194660187,0.674111391,-0.042658171,0.737396849,-0.510470471,0.69464217,0.506845296,-0.533848041,-0.718089504,0.446490463,10.31459489,-1.96E-16,-5.86E-18,-8.75E-28,-1.76E-14,-9.84E-15,-2.45E-16,0.411345238,-0.333835662,5.73E-15,0.333835662,0.411345238,10,-0.194540489,-2.08744497,0.062918978,0.450253336,0.083653332,-0.26094524,-0.016520979,0.285666719,0.170104543,0.010957926,-0.186130473,9.685405109,4.55E-16,-6.91E-16,-5.81E-28,2.04E-16,-8.96E-16,1.16E-15,-0.489161433,-0.501142326,1.51E-16,0.501142326,-0.489161433,10,0.194540489,2.08744497,0.062918978,-0.450253336,-0.083653332,0.26094524,-0.016520979,0.285666719,-0.170104543,0.010957926,-0.186130473,1.07E-26,78.08640147,0.238218928,-5.93E-15,3.74E-15,-0.181820487,-25.38345661,0.121248898,0.05847643,0.199342009,0.420928663,-0.169245581,9.68E-27,124.7753126,0.406917915,6.06E-15,-1.58E-14,0.067337833,-25.38345661,0.121248898,0.05847643,-0.199342009,-0.420928663,-0.169245581,1.265399629,-4.227484328,-3.520816451,1.265399629,6.050979248,-5.840843607,-1.265399629,6.050979248,-5.840843607,-1.265399629,-4.227484328,-3.520816451,6.1,2095.376897,4.55E-01,299.7453593,2.27E-13,2.84E-13,1,10,1,10,10,1,10,1,1,1,1,1
60.40327003,-1.85E-16,3.73E-16,1,-2.92E-14,2.25E-14,9.76E-16,-0.588797316,-0.808280719,3.68E-14,0.808280719,-0.588797316,57,-3.379167282,-0.404320853,0.680654005,0.087036141,-0.727416549,0.483894807,0.692085769,0.535596026,0.550050853,-0.716548671,0.428954614,53.59672997,1.73E-15,-2.58E-16,1,1.40E-16,-6.44E-16,5.23E-16,-0.762869597,0.646552378,-4.01E-16,-0.646552378,-0.762869597,57,3.379167282,0.404320853,0.680654005,-0.087036141,0.727416549,-0.483894807,0.692085769,0.535596026,-0.550050853,-0.716548671,0.428954614,10.33966649,-2.67E-16,-5.33E-16,4.11E-28,-1.61E-14,-1.15E-14,1.07E-15,0.419269614,-0.305201006,6.95E-15,0.305201006,0.419269614,10,-0.090182244,-2.105768365,0.067933299,0.437306063,0.115952667,-0.270568036,-0.034607037,0.289347895,0.153951706,0.019858734,-0.164586507,9.660333506,8.62E-16,8.10E-16,5.81E-28,5.64E-16,1.87E-16,-6.54E-16,-0.455342512,-0.53710634,-8.76E-16,0.53710634,-0.455342512,10,0.090182244,2.105768365,0.067933299,-0.437306063,-0.115952667,0.270568036,-0.034607037,0.289347895,-0.153951706,0.019858734,-0.164586507,-1.00E-26,75.80465832,0.229472342,-6.26E-15,-3.68E-14,-0.18639622,-24.91293832,0.128449449,0.047595617,0.173212485,0.43595358,-0.156245007,-9.68E-27,125.587217,0.410396837,-7.71E-15,1.74E-14,0.064131183,-24.91293832,0.128449449,0.047595617,-0.173212485,-0.43595358,-0.156245007,1.25358014,-3.967788578,-3.614137182,1.25358014,6.468035874,-5.446476684,-1.25358014,6.468035874,-5.446476684,-1.25358014,-3.967788578,-3.614137182,6.2,2095.376897,0,299.7453593,0,3.41E-13,1,10,1,10,10,1,10,1,1,1,1,1
61.43845936,-2.17E-16,3.56E-16,1,-3.08E-14,2.13E-14,1.02E-15,-0.54660334,-0.837391658,3.74E-14,0.837391658,-0.54660334,58,-3.382905071,-0.61559408,0.687691873,0.129977674,-0.714272842,0.456410053,0.687714088,0.564569921,0.564596982,-0.714251452,0.413612272,54.56154064,1.81E-15,-2.41E-16,1,1.83E-16,-6.78E-16,5.49E-16,-0.806558688,0.591154026,-4.38E-16,-0.591154026,-0.806558688,58,3.382905071,0.61559408,0.687691873,-0.129977674,0.714272842,-0.456410053,0.687714088,0.564569921,-0.564596982,-0.714251452,0.413612272,10.36412024,-3.79E-16,2.09E-16,-8.82E-28,-1.63E-14,-1.14E-14,-2.51E-16,0.424609896,-0.277017765,5.72E-15,0.277017765,0.424609896,10,0.015426467,-2.119696172,0.072824047,0.421524603,0.146921469,-0.279127037,-0.052826583,0.290129998,0.136970865,0.026085645,-0.142260339,9.635879763,6.63E-16,-4.59E-16,-5.81E-28,3.12E-16,-8.67E-16,1.17E-15,-0.418439309,-0.570860704,1.27E-16,0.570860704,-0.418439309,10,-0.015426467,2.119696172,0.072824047,-0.421524603,-0.146921469,0.279127037,-0.052826583,0.290129998,-0.136970865,0.026085645,-0.142260339,1.07E-26,72.74987739,0.218659235,-1.57E-15,4.48E-15,-0.193551445,-24.0597633,0.134765322,0.037627161,0.14001496,0.450830686,-0.143300704,9.68E-27,126.6869089,0.415913081,7.58E-15,-1.64E-14,0.060906825,-24.0597633,0.134765322,0.037627161,-0.14001496,-0.450830686,-0.143300704,1.222687156,-3.692952454,-3.63202581,1.222687156,6.867918678,-5.02480654,-1.222687156,6.867918678,-5.02480654,-1.222687156,-3.692952454,-3.63202581,6.3,2095.376897,-4.55E-01,299.7453593,2.27E-13,2.27E-13,1,10,1,10,10,1,10,1,1,1,1,1
62.47607855,-2.43E-16,3.42E-16,1,-3.24E-14,2.01E-14,1.05E-15,-0.503986887,-0.863711304,3.81E-14,0.863711304,-0.503986887,59,-3.376024127,-0.827999493,0.695215709,0.171217938,-0.698111406,0.428110761,0.681537352,0.593488007,0.577404792,-0.711471191,0.400515232,55.52392145,1.88E-15,-2.25E-16,1,2.29E-16,-7.10E-16,5.72E-16,-0.846422763,0.532511507,-4.78E-16,-0.532511507,-0.846422763,59,3.376024127,0.827999493,0.695215709,-0.171217938,0.698111406,-0.428110761,0.681537352,0.593488007,-0.577404792,-0.711471191,0.400515232,10.38826345,-1.40E-16,-5.03E-16,4.04E-28,-1.48E-14,-1.30E-14,9.30E-16,0.427719155,-0.249375165,6.93E-15,0.249375165,0.427719155,10,0.122192406,-2.128412074,0.07765269,0.403280674,0.17630725,-0.286858803,-0.070708149,0.288231715,0.119185335,0.029519575,-0.119680466,9.611736548,6.87E-16,7.69E-16,5.81E-28,6.07E-16,2.34E-16,-7.05E-16,-0.378842193,-0.601989665,-9.29E-16,0.601989665,-0.378842193,10,-0.122192406,2.128412074,0.07765269,-0.403280674,-0.17630725,0.286858803,-0.070708149,0.288231715,-0.119185335,0.029519575,-0.119680466,-1.00E-26,70.47515655,0.209670954,-9.34E-15,-3.58E-14,-0.198056524,-23.50435496,0.139743763,0.028447867,0.111698558,0.462340956,-0.126055644,-9.68E-27,127.3260314,0.418992683,-6.24E-15,1.80E-14,0.058087018,-23.50435496,0.139743763,0.028447867,-0.111698558,-0.462340956,-0.126055644,1.207160765,-3.451343475,-3.685522945,1.207160765,7.225250452,-4.557113136,-1.207160765,7.225250452,-4.557113136,-1.207160765,-3.451343475,-3.685522945,6.4,2095.376897,4.55E-01,299.7453593,2.27E-13,2.84E-13,1,10,1,10,10,1,10,1,1,1,1,1
63.51607394,-2.70E-16,3.16E-16,1,-3.38E-14,1.88E-14,1.09E-15,-0.46117861,-0.887307325,3.87E-14,0.887307325,-0.46117861,60,-3.358424208,-1.041039283,0.703214788,0.210506232,-0.679099469,0.399099226,0.673604602,0.622074472,0.58839508,-0.70848004,0.389675843,56.48392606,1.95E-15,-2.13E-16,1,2.83E-16,-7.40E-16,5.99E-16,-0.882191073,0.470891612,-5.20E-16,-0.470891612,-0.882191073,60,3.358424208,1.041039283,0.703214788,-0.210506232,0.679099469,-0.399099226,0.673604602,0.622074472,-0.58839508,-0.70848004,0.389675843,10.41164439,-3.89E-16,-9.24E-18,-8.91E-28,-1.49E-14,-1.25E-14,-1.21E-16,0.428446397,-0.222545257,5.72E-15,0.222545257,0.428446397,10,0.229805989,-2.132383743,0.082328878,0.382485199,0.203931491,-0.29337191,-0.087946857,0.283497594,0.100620434,0.030303445,-0.097107311,9.588355612,7.04E-16,-5.21E-16,-5.82E-28,4.71E-16,-8.51E-16,1.24E-15,-0.336524002,-0.63040824,1.02E-16,0.63040824,-0.336524002,10,-0.229805989,2.132383743,0.082328878,-0.382485199,-0.203931491,0.29337191,-0.087946857,0.283497594,-0.100620434,0.030303445,-0.097107311,1.07E-26,67.45903062,0.198791978,6.13E-15,5.14E-15,-0.205305027,-22.51238084,0.143834279,0.020505628,0.076443272,0.473153714,-0.109589422,9.68E-27,128.2257391,0.424151194,7.12E-15,-1.68E-14,0.055591686,-22.51238084,0.143834279,0.020505628,-0.076443272,-0.473153714,-0.109589422,1.1690468,-3.203840293,-3.66532153,1.1690468,7.557517929,-4.062488366,-1.1690468,7.557517929,-4.062488366,-1.1690468,-3.203840293,-3.66532153,6.5,2095.376897,0,299.7453593,0,3.41E-13,1,10,1,10,10,1,10,1,1,1,1,1
64.55838714,-3.01E-16,2.96E-16,1,-3.53E-14,1.75E-14,1.13E-15,-0.418398427,-0.908263594,3.93E-14,0.908263594,-0.418398427,61,-3.33003014,-1.254200253,0.711677427,0.247607601,-0.657423544,0.36948548,0.664002285,0.650062647,0.597491188,-0.705543366,0.381068025,57.44161286,2.02E-15,-2.07E-16,1,3.42E-16,-7.69E-16,6.25E-16,-0.913613629,0.406583493,-5.64E-16,-0.406583493,-0.913613629,61,3.33003014,1.254200253,0.711677427,-0.247607601,0.657423544,-0.36948548,0.664002285,0.650062647,-0.597491188,-0.705543366,0.381068025,10.43461953,-2.38E-16,-4.00E-16,3.97E-28,-1.34E-14,-1.42E-14,8.65E-16,0.427157266,-0.196580117,6.90E-15,0.196580117,0.427157266,10,0.338075371,-2.130835658,0.086923907,0.359542192,0.229587015,-0.298902998,-0.104099469,0.276265904,0.081301724,0.028430041,-0.075049057,9.565380466,7.85E-16,6.35E-16,5.81E-28,6.97E-16,2.75E-16,-7.09E-16,-0.291927117,-0.655754146,-9.84E-16,0.655754146,-0.291927117,10,-0.338075371,2.130835658,0.086923907,-0.359542192,-0.229587015,0.298902998,-0.104099469,0.276265904,-0.081301724,0.028430041,-0.075049057,-1.01E-26,65.22297276,0.189642426,-1.33E-14,-3.44E-14,-0.209727886,-21.86488539,0.146139431,0.013587749,0.046358121,0.480842967,-0.089269297,-9.68E-27,128.7100219,0.426912161,-4.86E-15,1.85E-14,0.053265245,-21.86488539,0.146139431,0.013587749,-0.046358121,-0.480842967,-0.089269297,1.148757319,-2.985273603,-3.687250154,1.148757319,7.841664589,-3.532441743,-1.148757319,7.841664589,-3.532441743,-1.148757319,-2.985273603,-3.687250154,6.6,2095.376897,4.55E-01,299.7453593,2.27E-13,2.27E-13,1,10,1,10,10,1,10,1,1,1,1,1
65.60295144,-3.30E-16,2.71E-16,1,-3.66E-14,1.61E-14,1.17E-15,-0.375854069,-0.926678865,4.00E-14,0.926678865,-0.375854069,62,-3.290791305,-1.46695318,0.720590287,0.282304192,-0.633288229,0.339387926,0.652852461,0.677199749,0.604620107,-0.70291394,0.374628508,58.39704856,2.10E-15,-1.92E-16,1,4.03E-16,-7.94E-16,6.49E-16,-0.940462453,0.339897593,-6.10E-16,-0.339897593,-0.940462453,62,3.290791305,1.46695318,0.720590287,-0.282304192,0.633288229,-0.339387926,0.652852461,0.677199749,-0.604620107,-0.70291394,0.374628508,10.45666646,-3.39E-16,-9.54E-17,-8.99E-28,-1.35E-14,-1.34E-14,-7.49E-17,0.423729897,-0.171725303,5.73E-15,0.171725303,0.423729897,10,0.446701325,-2.124222878,0.091333292,0.334389632,0.253119273,-0.303048084,-0.118897019,0.266476134,0.061276658,0.024158471,-0.053741278,9.54333354,7.37E-16,-3.46E-16,-5.82E-28,5.39E-16,-7.67E-16,1.20E-15,-0.245049367,-0.677963849,7.13E-17,0.677963849,-0.245049367,10,-0.446701325,2.124222878,0.091333292,-0.334389632,-0.253119273,0.303048084,-0.118897019,0.266476134,-0.061276658,0.024158471,-0.053741278,1.07E-26,62.28648547,0.178783384,1.12E-14,5.68E-15,-0.217033457,-20.73087501,0.147644567,0.008144765,0.00952526,0.487285737,-0.070539046,9.68E-27,129.4335404,0.431783007,4.04E-15,-1.71E-14,0.051609375,-20.73087501,0.147644567,0.008144765,-0.00952526,-0.487285737,-0.070539046,1.102346288,-2.769129939,-3.639061831,1.102346288,8.093465535,-2.977783784,-1.102346288,8.093465535,-2.977783784,-1.102346288,-2.769129939,-3.639061831,6.7,2095.376897,-9.09E-01,299.7453593,-2.27E-13,3.41E-13,1,10,1,10,10,1,10,1,1,1,1,1
66.64969405,-3.65E-16,2.57E-16,1,-3.79E-14,1.47E-14,1.20E-15,-0.333740835,-0.942664869,4.06E-14,0.942664869,-0.333740835,63,-3.240686001,-1.678755762,0.72993881,0.314396365,-0.606913716,0.308933214,0.640309775,0.703252203,0.609712721,-0.700826882,0.370259475,59.35030595,2.17E-15,-1.71E-16,1,4.58E-16,-8.12E-16,6.61E-16,-0.962533565,0.271162564,-6.57E-16,-0.271162564,-0.962533565,63,3.240686001,1.678755762,0.72993881,-0.314396365,0.606913716,-0.308933214,0.640309775,0.703252203,-0.609712721,-0.700826882,0.370259475,10.47818584,-3.58E-16,-1.82E-16,3.90E-28,-1.20E-14,-1.51E-14,7.19E-16,0.418534768,-0.14799477,6.88E-15,0.14799477,0.418534768,10,0.555404757,-2.11182875,0.095637169,0.307453817,0.27437098,-0.306046151,-0.131956705,0.254572955,0.040575629,0.017582697,-0.033639369,9.521814155,7.62E-16,7.78E-16,5.81E-28,5.51E-16,4.11E-16,-9.64E-16,-0.196372866,-0.69673673,-1.02E-15,0.69673673,-0.196372866,10,-0.555404757,2.11182875,0.095637169,-0.307453817,-0.27437098,0.306046151,-0.131956705,0.254572955,-0.040575629,0.017582697,-0.033639369,-1.01E-26,60.12361077,0.169561369,-1.70E-14,-3.27E-14,-0.221366851,-19.98132249,0.14699897,0.003891747,-0.021850246,0.490902816,-0.048565851,-9.68E-27,129.7902127,0.434326508,-5.81E-15,1.88E-14,0.049902081,-19.98132249,0.14699897,0.003891747,0.021850246,-0.490902816,-0.048565851,1.075969236,-2.576443081,-3.638113351,1.075969236,8.293900087,-2.398700529,-1.075969236,8.293900087,-2.398700529,-1.075969236,-2.576443081,-3.638113351,6.8,2095.376897,0,299.7453593,2.27E-13,2.27E-13,1,10,1,10,10,1,10,1,1,1,1,1
67.69853252,-4.02E-16,2.28E-16,1,-3.91E-14,1.32E-14,1.24E-15,-0.29224056,-0.956344841,4.12E-14,0.956344841,-0.29224056,64,-3.179720959,-1.889051985,0.739706503,0.343703631,-0.578534444,0.278256767,0.626558161,0.728009645,0.612705036,-0.699494593,0.367831285,60.30146748,2.25E-15,-1.61E-16,1,5.33E-16,-8.29E-16,6.89E-16,-0.979647823,0.200724047,-7.06E-16,-0.200724047,-0.979647823,64,3.179720959,1.889051985,0.739706503,-0.343703631,0.578534444,-0.278256767,0.626558161,0.728009645,-0.612705036,-0.699494593,0.367831285,10.49858348,-3.95E-16,-3.97E-16,-9.08E-28,-1.20E-14,-1.38E-14,1.15E-16,0.411470728,-0.125604673,5.75E-15,0.125604673,0.411470728,10,0.663896087,-2.094095726,0.099716696,0.278691511,0.293214472,-0.307482797,-0.143075577,0.240575875,0.019270654,0.009063084,-0.014924442,9.50141652,8.54E-16,-5.72E-16,-5.82E-28,9.54E-16,-7.64E-16,1.52E-15,-0.145912293,-0.712033617,5.72E-17,0.712033617,-0.145912293,10,-0.663896087,2.094095726,0.099716696,-0.278691511,-0.293214472,0.307482797,-0.143075577,0.240575875,-0.019270654,0.009063084,-0.014924442,1.07E-26,57.3102451,0.158813534,1.98E-14,6.14E-15,-0.228696379,-18.69871575,0.145744182,0.001250859,-0.059727296,0.492742517,-0.029035008,9.68E-27,130.3721211,0.439001602,1.12E-14,-1.75E-14,0.049211827,-18.69871575,0.145744182,0.001250859,0.059727296,-0.492742517,-0.029035008,1.019881763,-2.393284799,-3.572215191,1.019881763,8.45584822,-1.798912834,-1.019881763,8.45584822,-1.798912834,-1.019881763,-2.393284799,-3.572215191,6.9,2095.376897,0,299.7453593,2.27E-13,2.27E-13,1,10,1,10,10,1,10,1,1,1,1,1
68.7493766,-4.42E-16,2.13E-16,1,-4.02E-14,1.18E-14,1.26E-15,-0.251521751,-0.967851646,4.19E-14,0.967851646,-0.251521751,65,-3.107934927,-2.097275708,0.74987532,0.370065234,-0.548396505,0.247502519,0.611806462,0.751289129,0.613538513,-0.699102693,0.367186489,61.2506234,2.33E-15,-1.55E-16,1,5.93E-16,-8.40E-16,6.96E-16,-0.99165222,0.128941363,-7.57E-16,-0.128941363,-0.99165222,65,3.107934927,2.097275708,0.74987532,-0.370065234,0.548396505,-0.247502519,0.611806462,0.751289129,-0.613538513,-0.699102693,0.367186489,10.51829823,-3.94E-16,9.39E-17,3.84E-28,-1.07E-14,-1.60E-14,2.50E-16,0.402905459,-0.104531428,6.86E-15,0.104531428,0.402905459,10,0.771824542,-2.070378717,0.103659645,0.248540551,0.309544315,-0.307602168,-0.151958385,0.225013812,-0.002601103,-0.001225081,0.002028534,9.481701773,7.04E-16,6.81E-16,5.81E-28,2.38E-16,5.48E-16,-1.37E-15,-0.094175642,-0.723620058,-1.08E-15,0.723620058,-0.094175642,10,-0.771824542,2.070378717,0.103659645,-0.248540551,-0.309544315,0.307602168,-0.151958385,0.225013812,0.002601103,-0.001225081,0.002028534,-1.01E-26,55.258613,0.149615273,-2.83E-14,-3.06E-14,-0.232938408,-17.83312718,0.14207669,-0.000123485,-0.091866584,0.49210977,-0.006992456,-9.68E-27,130.6394711,0.441451707,-1.54E-14,1.96E-14,0.048268646,-17.83312718,0.14207669,-0.000123485,0.091866584,-0.49210977,-0.006992456,0.985737328,-2.227355474,-3.557151142,0.985737328,8.565489974,-1.185450192,-0.985737328,8.565489974,-1.185450192,-0.985737328,-2.227355474,-3.557151142,7,2095.376897,4.55E-01,299.7453593,0,2.27E-13,1,10,1,10,10,1,10,1,1,1,1,1
69.8021246,-4.87E-16,1.99E-16,1,-4.13E-14,1.03E-14,1.28E-15,-0.211738951,-0.977326259,4.25E-14,0.977326259,-0.211738951,66,-3.025398133,-2.302849895,0.760424921,0.393340675,-0.51675628,0.2168233,0.596283923,0.772937992,0.612161414,-0.699806113,0.368143732,62.1978754,2.41E-15,-1.38E-16,1,6.59E-16,-8.46E-16,7.06E-16,-0.998420302,0.056186301,-8.07E-16,-0.056186301,-0.998420302,66,3.025398133,2.302849895,0.760424921,-0.393340675,0.51675628,-0.2168233,0.596283923,0.772937992,-0.612161414,-0.699806113,0.368143732,10.5366618,-5.10E-16,-3.77E-16,-9.19E-28,-1.06E-14,-1.40E-14,2.06E-16,0.392750541,-0.084960832,5.81E-15,0.084960832,0.392750541,10,0.878911342,-2.041105026,0.10733236,0.216968273,0.323260174,-0.305982215,-0.158492398,0.207963445,-0.02494088,-0.012843326,0.017116316,9.4633382,8.49E-16,-3.46E-16,-5.82E-28,1.09E-15,-6.54E-16,1.57E-15,-0.041186004,-0.731481179,7.52E-17,0.731481179,-0.041186004,10,-0.878911342,2.041105026,0.10733236,-0.216968273,-0.323260174,0.305982215,-0.158492398,0.207963445,0.02494088,-0.012843326,0.017116316,1.07E-26,52.61503821,0.139074473,3.21E-14,6.11E-15,-0.240262208,-16.39034376,0.138099282,0.000143804,-0.130218499,0.489202306,0.011768355,9.68E-27,131.1269489,0.446047596,1.60E-14,-1.86E-14,0.048684583,-16.39034376,0.138099282,0.000143804,0.130218499,-0.489202306,0.011768355,0.918178666,-2.076650954,-3.483614829,0.918178666,8.632029057,-0.556245768,-0.918178666,8.632029057,-0.556245768,-0.918178666,-2.076650954,-3.483614829,7.1,2095.376897,-4.55E-01,299.7453593,0,3.41E-13,1,10,1,10,10,1,10,1,1,1,1,1
70.85666488,-5.28E-16,2.03E-16,1,-4.23E-14,8.75E-15,1.30E-15,-0.173033236,-0.984915986,4.31E-14,0.984915986,-0.173033236,67,-2.932214972,-2.50519049,0.771332977,0.413409758,-0.483877888,0.186380415,0.580234831,0.792836605,0.608529194,-0.70172638,0.370502777,63.14333512,2.49E-15,-1.16E-16,1,7.31E-16,-8.48E-16,7.16E-16,-0.999852753,-0.01716021,-8.60E-16,0.01716021,-0.999852753,67,2.932214972,2.50519049,0.771332977,-0.413409758,0.483877888,-0.186380415,0.580234831,0.792836605,-0.608529194,-0.70172638,0.370502777,10.55414381,-3.06E-16,4.58E-16,3.76E-28,-9.26E-15,-1.61E-14,2.37E-16,0.381363763,-0.066833706,6.84E-15,0.066833706,0.381363763,10,0.984751884,-2.005706871,0.110828763,0.184413386,0.334307668,-0.302875466,-0.162489455,0.190008811,-0.047703526,-0.02556202,0.030064578,9.445856186,6.69E-16,7.98E-16,5.81E-28,3.37E-16,6.12E-16,-1.36E-15,0.01253699,-0.735449042,-1.13E-15,0.735449042,0.01253699,10,-0.984751884,2.005706871,0.110828763,-0.184413386,-0.334307668,0.302875466,-0.162489455,0.190008811,0.047703526,-0.02556202,0.030064578,-1.02E-26,50.71739059,0.130002632,-3.00E-14,-2.81E-14,-0.244415311,-15.38893658,0.131564692,0.001651969,-0.162566623,0.484228595,0.032243786,-9.68E-27,131.3564497,0.448553764,-1.30E-14,2.09E-14,0.048667783,-15.38893658,0.131564692,0.001651969,0.162566623,-0.484228595,0.032243786,0.874100708,-1.936620255,-3.463045396,0.874100708,8.647433974,0.07677015,-0.874100708,8.647433974,0.07677015,-0.874100708,-1.936620255,-3.463045396,7.2,2095.376897,0,299.7453593,0,2.27E-13,1,10,1,10,10,1,10,1,1,1,1,1
71.91287196,-5.66E-16,1.90E-16,1,-4.32E-14,7.22E-15,1.30E-15,-0.135531924,-0.99077298,4.38E-14,0.99077298,-0.135531924,68,-2.828523378,-2.703705326,0.782574392,0.430172752,-0.450031915,0.156343866,0.563913193,0.810899813,0.602605937,-0.704949158,0.374049153,64.08712804,2.57E-15,-1.00E-16,1,7.75E-16,-8.45E-16,6.95E-16,-0.995877427,-0.090709151,-9.12E-16,0.090709151,-0.995877427,68,2.828523378,2.703705326,0.782574392,-0.430172752,0.450031915,-0.156343866,0.563913193,0.810899813,-0.602605937,-0.704949158,0.374049153,10.56999775,-4.64E-16,-7.10E-16,-9.29E-28,-9.37E-15,-1.44E-14,-2.86E-16,0.368662472,-0.050306173,5.87E-15,0.050306173,0.368662472,10,1.089079984,-1.964589869,0.11399955,0.150846476,0.342611801,-0.297855529,-0.163943307,0.171255354,-0.070761598,-0.038893528,0.040862952,9.43000225,1.07E-15,-4.83E-16,-5.82E-28,5.43E-16,-5.61E-16,9.36E-16,0.066969521,-0.735529775,9.60E-17,0.735529775,0.066969521,10,-1.089079984,1.964589869,0.11399955,-0.150846476,-0.342611801,0.297855529,-0.163943307,0.171255354,0.070761598,-0.038893528,0.040862952,1.07E-26,48.29480512,0.119768507,2.69E-14,6.09E-15,-0.251704165,-13.76706152,0.125125925,0.004724261,-0.200812213,0.476527023,0.048669174,9.68E-27,131.8115271,0.453214435,2.38E-15,-1.97E-14,0.050340963,-13.76706152,0.125125925,0.004724261,0.200812213,-0.476527023,0.048669174,0.792696775,-1.815977856,-3.391539575,0.792696775,8.616832136,0.720160624,-0.792696775,8.616832136,0.720160624,-0.792696775,-1.815977856,-3.391539575,7.3,2095.376897,0,299.7453593,-4.55E-13,0,1,10,1,10,10,1,10,1,1,1,1,1
72.97060758,-6.13E-16,1.95E-16,1,-4.41E-14,5.72E-15,1.31E-15,-0.09934938,-0.995052612,4.44E-14,0.995052612,-0.09934938,69,-2.714496634,-2.897797883,0.794121516,0.443549947,-0.415493036,0.126891751,0.547576866,0.827078025,0.594364788,-0.709523094,0.378559741,65.02939242,2.66E-15,-8.84E-17,1,8.48E-16,-8.35E-16,7.00E-16,-0.986449274,-0.164066541,-9.63E-16,0.164066541,-0.986449274,69,2.714496634,2.897797883,0.794121516,-0.443549947,0.415493036,-0.126891751,0.547576866,0.827078025,-0.594364788,-0.709523094,0.378559741,10.58471458,-4.69E-16,8.05E-16,3.67E-28,-7.96E-15,-1.56E-14,5.17E-16,0.354988416,-0.035286472,6.85E-15,0.035286472,0.354988416,10,1.191454898,-1.917261253,0.116942916,0.116697437,0.348165779,-0.291186769,-0.16278323,0.152308887,-0.094061383,-0.05258519,0.049348808,9.41528542,7.39E-16,7.16E-16,5.81E-28,9.32E-16,7.61E-16,-8.34E-16,0.121593543,-0.731618029,-1.12E-15,0.731618029,0.121593543,10,-1.191454898,1.917261253,0.116942916,-0.116697437,-0.348165779,0.291186769,-0.16278323,0.152308887,0.094061383,-0.05258519,0.049348808,-1.02E-26,46.60045108,0.110931507,-1.70E-14,-2.58E-14,-0.255769359,-12.60172504,0.116108941,0.008904072,-0.232811216,0.467210071,0.066006717,-9.68E-27,132.0704553,0.455953848,9.26E-15,2.11E-14,0.051424618,-12.60172504,0.116108941,0.008904072,0.232811216,-0.467210071,0.066006717,0.735841505,-1.699481232,-3.373874802,0.735841505,8.53801016,1.358986789,-0.735841505,8.53801016,1.358986789,-0.735841505,-1.699481232,-3.373874802,7.4,2095.376897,0,299.7453593,2.27E-13,6.82E-13,1,10,1,10,10,1,10,1,1,1,1,1
74.02971644,-6.58E-16,1.86E-16,1,-4.49E-14,4.23E-15,1.32E-15,-0.064586991,-0.997912081,4.50E-14,0.997912081,-0.064586991,70,-2.590342705,-3.086865608,0.805943289,0.45348155,-0.380538959,0.098210301,0.531481866,0.841357096,0.583789476,-0.71545895,0.383807683,65.97028356,2.75E-15,-7.79E-17,1,9.11E-16,-8.23E-16,6.90E-16,-0.971550091,-0.236834163,-1.02E-15,0.236834163,-0.971550091,70,2.590342705,3.086865608,0.805943289,-0.45348155,0.380538959,-0.098210301,0.531481866,0.841357096,-0.583789476,-0.71545895,0.383807683,10.5974627,-4.34E-16,-9.87E-16,-9.39E-28,-8.25E-15,-1.42E-14,-4.02E-16,0.34025936,-0.021902899,5.93E-15,0.021902899,0.34025936,10,1.29162369,-1.864093257,0.11949254,0.081934622,0.350915752,-0.282442227,-0.159116763,0.133272527,-0.117444865,-0.066131944,0.055610035,9.402537299,1.03E-15,-5.06E-16,-5.81E-28,3.13E-16,-5.23E-16,6.33E-16,0.176390116,-0.723734404,6.90E-17,0.723734404,0.176390116,10,-1.29162369,1.864093257,0.11949254,-0.081934622,-0.350915752,0.282442227,-0.159116763,0.133272527,0.117444865,-0.066131944,0.055610035,1.07E-26,44.45686857,0.101107253,2.29E-14,6.74E-15,-0.262984512,-10.77140834,0.107690026,0.0144724,-0.270384716,0.454758424,0.078653409,9.68E-27,132.5728462,0.460853171,-1.44E-14,-1.89E-14,0.054507272,-10.77140834,0.107690026,0.0144724,0.270384716,-0.454758424,0.078653409,0.637406088,-1.604929193,-3.313672907,0.637406088,8.411950052,2.003126705,-0.637406088,8.411950052,2.003126705,-0.637406088,-1.604929193,-3.313672907,7.5,2095.376897,0,299.7453593,1.14E-13,0,1,10,1,10,10,1,10,1,1,1,1,1
75.0900267,-7.08E-16,1.84E-16,1,-4.56E-14,2.76E-15,1.33E-15,-0.031334207,-0.999508963,4.57E-14,0.999508963,-0.031334207,71,-2.456305311,-3.270303136,0.818005339,0.459926855,-0.345448336,0.070493102,0.515876465,0.853757691,0.570874756,-0.722730075,0.389568032,66.9099733,2.85E-15,-8.14E-17,1,9.92E-16,-7.99E-16,6.97E-16,-0.951187917,-0.308612291,-1.07E-15,0.308612291,-0.951187917,71,2.456305311,3.270303136,0.818005339,-0.459926855,0.345448336,-0.070493102,0.515876465,0.853757691,-0.570874756,-0.722730075,0.389568032,10.60874238,-5.57E-16,9.50E-16,3.58E-28,-6.86E-15,-1.50E-14,6.70E-16,0.324796312,-0.010034752,6.87E-15,0.010034752,0.324796312,10,1.389124186,-1.8046573,0.121748476,0.046971475,0.350896708,-0.271901751,-0.152991264,0.114739383,-0.140849531,-0.079290546,0.059596934,9.391257622,8.90E-16,4.36E-16,5.80E-28,1.31E-15,1.01E-15,-4.94E-16,0.230853362,-0.711828168,-1.08E-15,0.711828168,0.230853362,10,-1.389124186,1.8046573,0.121748476,-0.046971475,-0.350896708,0.271901751,-0.152991264,0.114739383,0.140849531,-0.079290546,0.059596934,-1.03E-26,43.02461105,0.092619212,-1.21E-14,-2.38E-14,-0.266945833,-9.402291159,0.096792736,0.020910014,-0.301499414,0.441169682,0.091465418,-9.68E-27,132.9475237,0.464032318,2.29E-14,2.01E-14,0.05686424,-9.402291159,0.096792736,0.020910014,0.301499414,-0.441169682,0.091465418,0.563983815,-1.508266027,-3.307260808,0.563983815,8.241783573,2.636334823,-0.563983815,8.241783573,2.636334823,-0.563983815,-1.508266027,-3.307260808,7.6,2095.376897,4.55E-01,299.7453593,1.14E-13,2.27E-13,1,10,1,10,10,1,10,1,1,1,1,1
76.15134514,-7.58E-16,1.77E-16,1,-4.63E-14,1.32E-15,1.34E-15,0.00033133,-0.999999945,4.63E-14,0.999999945,0.00033133,72,-2.312663408,-3.447499735,0.830269028,0.462864011,-0.310499998,0.043940903,0.500995574,0.864333635,0.555628058,-0.731273097,0.395622445,67.84865486,2.94E-15,-8.00E-17,1,1.07E-15,-7.73E-16,6.93E-16,-0.925396693,-0.378999949,-1.12E-15,0.378999949,-0.925396693,72,2.312663408,3.447499735,0.830269028,-0.462864011,0.310499998,-0.043940903,0.500995574,0.864333635,-0.555628058,-0.731273097,0.395622445,10.61762645,-4.51E-16,-1.09E-15,-9.50E-28,-7.29E-15,-1.38E-14,-5.76E-16,0.308514425,0.000215114,5.98E-15,-0.000215114,0.308514425,10,1.483713881,-1.73927468,0.123525291,0.011771649,0.34807005,-0.259142223,-0.144626555,0.096779481,-0.164084437,-0.091569893,0.061491332,9.382373546,9.87E-16,-4.09E-16,-5.81E-28,1.79E-16,-4.96E-16,4.27E-16,0.284971128,-0.695924985,6.11E-18,0.695924985,0.284971128,10,-1.483713881,1.73927468,0.123525291,-0.011771649,-0.34807005,0.259142223,-0.144626555,0.096779481,0.164084437,-0.091569893,0.061491332,1.07E-26,41.22837467,0.083312193,2.00E-14,7.55E-15,-0.274014991,-7.319754537,0.087074929,0.028478601,-0.337873672,0.424074656,0.099122902,9.68E-27,133.598123,0.469375212,-2.63E-14,-1.71E-14,0.061489477,-7.319754537,0.087074929,0.028478601,0.337873672,-0.424074656,0.099122902,0.444203822,-1.43443125,-3.26745725,0.444203822,8.024538263,3.270804794,-0.444203822,8.024538263,3.270804794,-0.444203822,-1.43443125,-3.26745725,7.7,2095.376897,0,299.7453593,-1.14E-13,2.27E-13,1,10,1,10,10,1,10,1,1,1,1,1
77.21345691,-8.13E-16,1.82E-16,1,-4.70E-14,-8.75E-17,1.34E-15,0.030342621,-0.999539557,4.70E-14,0.999539557,0.030342621,73,-2.159731826,-3.617841565,0.842691382,0.462288986,-0.275971244,0.018760639,0.487055259,0.873169636,0.538069951,-0.740989925,0.401764433,68.78654309,3.04E-15,-8.74E-17,1,1.14E-15,-7.40E-16,6.85E-16,-0.894235351,-0.447597069,-1.17E-15,0.447597069,-0.894235351,73,2.159731826,3.617841565,0.842691382,-0.462288986,0.275971244,-0.018760639,0.487055259,0.873169636,-0.538069951,-0.740989925,0.401764433,10.62460902,-6.45E-16,1.19E-15,3.49E-28,-5.96E-15,-1.44E-14,5.83E-16,0.2917114,0.008992655,6.90E-15,-0.008992655,0.2917114,10,1.574917747,-1.667561919,0.124921803,-0.023272149,0.342505039,-0.244463067,-0.134179747,0.079940547,-0.187077695,-0.10276666,0.061348416,9.375390984,1.01E-15,2.62E-16,5.80E-28,1.22E-15,1.17E-15,-6.01E-16,0.338255699,-0.676017423,-1.01E-15,0.676017423,0.338255699,10,-1.574917747,1.667561919,0.124921803,0.023272149,-0.342505039,0.244463067,-0.134179747,0.079940547,0.187077695,-0.10276666,0.061348416,-1.03E-26,40.13070993,0.075293859,-1.00E-14,-2.20E-14,-0.277804818,-5.690960883,0.075089238,0.036583456,-0.367607898,0.406317784,0.106310727,-9.68E-27,134.1977392,0.473229268,2.73E-14,1.80E-14,0.065262855,-5.690960883,0.075089238,0.036583456,0.367607898,-0.406317784,0.106310727,0.349128096,-1.352590742,-3.280898219,0.349128096,7.767795765,3.890377856,-0.349128096,7.767795765,3.890377856,-0.349128096,-1.352590742,-3.280898219,7.8,2095.376897,0,299.7453593,2.27E-13,0,1,10,1,10,10,1,10,1,1,1,1,1
78.27611999,-8.81E-16,1.95E-16,1,-4.76E-14,-1.46E-15,1.34E-15,0.058643194,-0.998279007,4.76E-14,0.998279007,0.058643194,74,-1.997861213,-3.780707969,0.855223998,0.458215436,-0.242137413,-0.004835048,0.474247577,0.880378247,0.518235984,-0.751749858,0.407803403,69.72388001,3.13E-15,-8.23E-17,1,1.21E-15,-6.98E-16,6.83E-16,-0.857787679,-0.514004181,-1.22E-15,0.514004181,-0.857787679,74,1.997861213,3.780707969,0.855223998,-0.458215436,0.242137413,0.004835048,0.474247577,0.880378247,-0.518235984,-0.751749858,0.407803403,10.62865256,-7.10E-16,-9.30E-16,-9.61E-28,-6.53E-15,-1.30E-14,-5.56E-16,0.274300055,0.016218338,6.04E-15,-0.016218338,0.274300055,10,1.662494512,-1.589766174,0.125730513,-0.058198847,0.334171573,-0.227450672,-0.121973886,0.064231674,-0.209601649,-0.112432017,0.059430986,9.371347435,8.12E-16,-1.60E-16,-5.82E-28,3.55E-16,-3.33E-16,5.70E-16,0.390697749,-0.652124808,-5.07E-17,0.652124808,0.390697749,10,-1.662494512,1.589766174,0.125730513,0.058198847,-0.334171573,0.227450672,-0.121973886,0.064231674,0.209601649,-0.112432017,0.059430986,1.07E-26,38.76531382,0.066617391,2.43E-14,8.41E-15,-0.284571462,-3.293315593,0.064920569,0.045500854,-0.402299753,0.384687921,0.108096513,9.68E-27,135.1224945,0.479249397,-2.47E-14,-1.50E-14,0.071501989,-3.293315593,0.064920569,0.045500854,0.402299753,-0.384687921,0.108096513,0.202177435,-1.292680289,-3.270796003,0.202177435,7.464996288,4.508778539,-0.202177435,7.464996288,4.508778539,-0.202177435,-1.292680289,-3.270796003,7.9,2095.376897,0,299.7453593,0,0,1,10,1,10,10,1,10,1,1,1,1,1
79.33906392,-9.45E-16,2.09E-16,1,-4.82E-14,-2.80E-15,1.31E-15,0.08518597,-0.996365069,4.83E-14,0.996365069,0.08518597,75,-1.827438724,-3.935472449,0.867812784,0.450673715,-0.209270579,-0.026629058,0.46273587,0.886096162,0.496177252,-0.763392898,0.41356912,70.66093608,3.24E-15,-8.90E-17,1,1.27E-15,-6.63E-16,6.51E-16,-0.81616146,-0.577823911,-1.27E-15,0.577823911,-0.81616146,75,1.827438724,3.935472449,0.867812784,-0.450673715,0.209270579,0.026629058,0.46273587,0.886096162,-0.496177252,-0.763392898,0.41356912,10.63022598,-5.73E-16,1.21E-15,3.39E-28,-5.24E-15,-1.40E-14,3.34E-17,0.256555473,0.022060424,6.93E-15,-0.022060424,0.256555473,10,1.745955272,-1.505523413,0.126045195,-0.092635581,0.323165107,-0.208429525,-0.108260247,0.050126616,-0.231572983,-0.120428779,0.055883365,9.369774023,1.26E-15,2.47E-17,5.81E-28,6.85E-16,1.03E-15,-1.22E-15,0.441826635,-0.62426979,-9.47E-16,0.62426979,0.441826635,10,-1.745955272,1.505523413,0.126045195,0.092635581,-0.323165107,0.208429525,-0.108260247,0.050126616,0.231572983,-0.120428779,0.055883365,-1.03E-26,38.09371103,0.059198277,-1.88E-14,-2.02E-14,-0.287999847,-1.328279413,0.052789142,0.054541467,-0.430184747,0.36281887,0.108937696,-9.68E-27,136.0827969,0.484036065,1.71E-14,1.61E-14,0.076745313,-1.328279413,0.052789142,0.054541467,0.430184747,-0.36281887,0.108937696,0.078670592,-1.219127266,-3.313364803,0.078670592,7.126948721,5.110911225,-0.078670592,7.126948721,5.110911225,-0.078670592,-1.219127266,-3.313364803,8,2095.376897,0,299.7453593,0,2.27E-13,1,10,1,10,10,1,10,1,1,1,1,1
80.40198336,-1.02E-15,2.24E-16,1,-4.88E-14,-4.10E-15,1.28E-15,0.109933411,-0.993938954,4.89E-14,0.993938954,0.109933411,76,-1.648888912,-4.081497623,0.880396672,0.439711193,-0.17763943,-0.046400739,0.452650332,0.89048001,0.471962575,-0.775733036,0.41891477,71.59801664,3.33E-15,-8.26E-17,1,1.32E-15,-6.22E-16,6.19E-16,-0.769488975,-0.638660095,-1.32E-15,0.638660095,-0.769488975,76,1.648888912,4.081497623,0.880396672,-0.439711193,0.17763943,0.046400739,0.452650332,0.89048001,-0.471962575,-0.775733036,0.41891477,10.62816284,-1.01E-15,-8.97E-16,-9.73E-28,-5.98E-15,-1.20E-14,-6.20E-16,0.238393339,0.026461864,6.12E-15,-0.026461864,0.238393339,10,1.825040971,-1.414980074,0.125632568,-0.126614856,0.309457879,-0.1870041,-0.09345052,0.037550354,-0.252720576,-0.126373984,0.051029634,9.371837162,7.02E-16,1.05E-16,-5.82E-28,4.09E-16,-2.19E-16,5.91E-16,0.49162305,-0.592453894,-4.66E-17,0.592453894,0.49162305,10,-1.825040971,1.414980074,0.125632568,0.126614856,-0.309457879,0.1870041,-0.09345052,0.037550354,0.252720576,-0.126373984,0.051029634,1.07E-26,37.2631994,0.051274541,3.47E-14,8.96E-15,-0.294123497,1.470641442,0.043141841,0.064037357,-0.462717706,0.336657526,0.104373267,9.68E-27,137.4355137,0.490985149,-1.64E-14,-1.38E-14,0.084521335,1.470641442,0.043141841,0.064037357,0.462717706,-0.336657526,0.104373267,-0.103156918,-1.164607494,-3.342902876,-0.103156918,6.743962428,5.711431067,0.103156918,6.743962428,5.711431067,0.103156918,-1.164607494,-3.342902876,8.1,2095.376897,-4.55E-01,299.7453593,-1.14E-13,2.27E-13,1,10,1,10,10,1,10,1,1,1,1,1
81.46453581,-1.10E-15,2.44E-16,1,-4.93E-14,-5.35E-15,1.25E-15,0.132856678,-0.99113526,4.96E-14,0.99113526,0.132856678,77,-1.462675133,-4.218134836,0.892907163,0.425391704,-0.147508293,-0.063927597,0.444084334,0.893701498,0.445679325,-0.788562618,0.423720352,72.53546419,3.45E-15,-8.92E-17,1,1.38E-15,-5.73E-16,5.89E-16,-0.717926731,-0.696118675,-1.37E-15,0.696118675,-0.717926731,77,1.462675133,4.218134836,0.892907163,-0.425391704,0.147508293,0.063927597,0.444084334,0.893701498,-0.445679325,-0.788562618,0.423720352,10.62288628,-4.65E-16,1.29E-15,3.29E-28,-4.74E-15,-1.30E-14,-1.59E-16,0.220071998,0.029612029,6.98E-15,-0.029612029,0.220071998,10,1.8992346,-1.317764183,0.124577256,-0.159774922,0.293164866,-0.163533066,-0.077869442,0.026879394,-0.272944416,-0.130217648,0.045082009,9.377113722,1.59E-15,-2.37E-16,5.81E-28,6.68E-16,1.21E-15,-1.20E-15,0.539621842,-0.556717702,-8.65E-16,0.556717702,0.539621842,10,-1.8992346,1.317764183,0.124577256,0.159774922,-0.293164866,0.163533066,-0.077869442,0.026879394,0.272944416,-0.130217648,0.045082009,-1.04E-26,37.13285874,0.044595745,-2.01E-14,-1.83E-14,-0.296742828,3.871865061,0.0319118,0.073178675,-0.488239517,0.31055124,0.098590495,-9.68E-27,138.9197528,0.496965773,1.92E-14,1.49E-14,0.091079011,3.871865061,0.0319118,0.073178675,0.488239517,-0.31055124,0.098590495,-0.263828021,-1.090730277,-3.424861405,-0.263828021,6.328632545,6.296727708,0.263828021,6.328632545,6.296727708,0.263828021,-1.090730277,-3.424861405,8.2,2095.376897,9.09E-01,299.7453593,-1.14E-13,2.27E-13,1,10,1,10,10,1,10,1,1,1,1,1
82.52633429,-1.18E-15,2.60E-16,1,-4.98E-14,-6.55E-15,1.20E-15,0.153936419,-0.988080755,5.02E-14,0.988080755,0.153936419,78,-1.269302053,-4.344717986,0.905266858,0.40779683,-0.119137158,-0.078986947,0.437090904,0.895942299,0.417436197,-0.801656589,0.427894536,73.47366571,3.57E-15,-9.06E-17,1,1.43E-15,-5.17E-16,5.58E-16,-0.66165724,-0.749806439,-1.41E-15,0.749806439,-0.66165724,78,1.269302053,4.344717986,0.905266858,-0.40779683,0.119137158,0.078986947,0.437090904,0.895942299,-0.417436197,-0.801656589,0.427894536,10.61308318,-1.16E-15,-9.62E-16,-9.86E-28,-5.64E-15,-1.08E-14,-7.31E-16,0.20152283,0.031478062,6.20E-15,-0.031478062,0.20152283,10,1.968226999,-1.213898824,0.122616636,-0.19212257,0.274257826,-0.137653936,-0.061999153,0.01793664,-0.291918137,-0.131661781,0.038401666,9.386916818,7.55E-16,2.09E-16,-5.82E-28,4.15E-16,-1.12E-16,5.85E-16,0.58576797,-0.517037591,-4.99E-17,0.517037591,0.58576797,10,-1.968226999,1.213898824,0.122616636,0.19212257,-0.274257826,0.137653936,-0.061999153,0.01793664,0.291918137,-0.131661781,0.038401666,1.07E-26,36.96469436,0.037558654,3.82E-14,9.51E-15,-0.301514581,7.181240318,0.023833834,0.082397356,-0.518019684,0.279588613,0.08766411,9.69E-27,140.8793298,0.505084301,-1.89E-14,-1.22E-14,0.099999548,7.181240318,0.023833834,0.082397356,0.518019684,-0.279588613,0.08766411,-0.490154801,-1.030622135,-3.504714863,-0.490154801,5.868617796,6.881821056,0.490154801,5.868617796,6.881821056,0.490154801,-1.030622135,-3.504714863,8.3,2095.376897,-4.55E-01,299.7453593,-1.14E-13,0,1,10,1,10,10,1,10,1,1,1,1,1
83.58694432,-1.26E-15,2.78E-16,1,-5.03E-14,-7.67E-15,1.17E-15,0.173162646,-0.984893242,5.09E-14,0.984893242,0.173162646,79,-1.069318551,-4.460562296,0.917388863,0.387026356,-0.092780783,-0.091358484,0.431680278,0.897388302,0.387364558,-0.814777723,0.431376821,74.41305568,3.68E-15,-8.52E-17,1,1.48E-15,-4.50E-16,5.31E-16,-0.600890066,-0.799331676,-1.46E-15,0.799331676,-0.600890066,79,1.069318551,4.460562296,0.917388863,-0.387026356,0.092780783,0.091358484,0.431680278,0.897388302,-0.387364558,-0.814777723,0.431376821,10.59911738,-4.76E-16,1.33E-15,3.18E-28,-4.52E-15,-1.15E-14,2.72E-17,0.183001704,0.032272203,7.02E-15,-0.032272203,0.183001704,10,2.031443053,-1.102987362,0.119823476,-0.223286907,0.252869676,-0.109776795,-0.046213366,0.010983416,-0.309514639,-0.130760885,0.031244031,9.400882619,1.48E-15,-1.01E-16,5.81E-28,6.45E-16,1.45E-15,-1.12E-15,0.629575517,-0.473467148,-7.78E-16,0.473467148,0.629575517,10,-2.031443053,1.102987362,0.119823476,0.223286907,-0.252869676,0.109776795,-0.046213366,0.010983416,0.309514639,-0.130760885,0.031244031,-1.04E-26,37.5133606,0.031774118,-1.42E-14,-1.65E-14,-0.302378182,10.13627732,0.0146046,0.090730025,-0.5404291,0.248741495,0.075489258,-9.69E-27,143.0691237,0.512477906,2.27E-14,1.35E-14,0.107283131,10.13627732,0.0146046,0.090730025,0.5404291,-0.248741495,0.075489258,-0.698290025,-0.944812496,-3.636938453,-0.698290025,5.376792961,7.454207666,0.698290025,5.376792961,7.454207666,0.698290025,-0.944812496,-3.636938453,8.4,2095.376897,0,299.7453593,-5.68E-14,-2.27E-13,1,10,1,10,10,1,10,1,1,1,1,1
84.64587654,-1.36E-15,2.96E-16,1,-5.08E-14,-8.72E-15,1.12E-15,0.190536736,-0.981680066,5.16E-14,0.981680066,0.190536736,80,-0.863322557,-4.564958157,0.929175308,0.363201248,-0.068688435,-0.100827311,0.427817467,0.898223841,0.355622132,-0.827681744,0.434138032,75.35412346,3.78E-15,-8.44E-17,1,1.53E-15,-3.77E-16,5.04E-16,-0.535865759,-0.844303197,-1.50E-15,0.844303197,-0.535865759,80,0.863322557,4.564958157,0.929175308,-0.363201248,0.068688435,0.100827311,0.427817467,0.898223841,-0.355622132,-0.827681744,0.434138032,10.57952708,-1.43E-15,-9.66E-16,-9.98E-28,-5.50E-15,-9.59E-15,-8.70E-16,0.164480111,0.031991316,6.27E-15,-0.031991316,0.164480111,10,2.088476819,-0.984929864,0.115905415,-0.253215252,0.228977289,-0.079599755,-0.031042867,0.005727361,-0.325333891,-0.127319536,0.023980183,9.420472924,5.27E-16,1.18E-16,-5.82E-28,4.04E-16,1.61E-17,5.95E-16,0.670910616,-0.425963262,-6.79E-17,0.425963262,0.670910616,10,-2.088476819,0.984929864,0.115905415,0.253215252,-0.228977289,0.079599755,-0.031042867,0.005727361,0.325333891,-0.127319536,0.023980183,1.07E-26,38.14971604,0.025768284,3.47E-14,1.02E-14,-0.304408995,14.07323977,0.009162898,0.098751499,-0.566464414,0.212206456,0.058727196,9.69E-27,145.8196716,0.521927922,-2.20E-14,-1.03E-14,0.116344218,14.07323977,0.009162898,0.098751499,0.566464414,-0.212206456,0.058727196,-0.979515255,-0.864680713,-3.777385809,-0.979515255,4.838695806,8.028363995,0.979515255,4.838695806,8.028363995,0.979515255,-0.864680713,-3.777385809,8.5,2095.376897,4.55E-01,299.7453593,0,-2.27E-13,1,10,1,10,10,1,10,1,1,1,1,1
85.7025846,-1.43E-15,3.11E-16,1,-5.13E-14,-9.71E-15,1.08E-15,0.206072644,-0.978536696,5.22E-14,0.978536696,0.206072644,81,-0.651966107,-4.657171042,0.94051692,0.336465866,-0.047102487,-0.107188147,0.425421317,0.898625286,0.322395137,-0.840123458,0.436181099,76.2974154,3.90E-15,-8.99E-17,1,1.58E-15,-2.96E-16,4.76E-16,-0.466859087,-0.884331721,-1.54E-15,0.884331721,-0.466859087,81,0.651966107,4.657171042,0.94051692,-0.336465866,0.047102487,0.107188147,0.425421317,0.898625286,-0.322395137,-0.840123458,0.436181099,10.55463415,1.32E-17,1.28E-15,3.07E-28,-4.46E-15,-1.02E-14,-7.31E-17,0.14623805,0.030876087,7.06E-15,-0.030876087,0.14623805,10,2.138652191,-0.85932784,0.11092683,-0.281492389,0.202741655,-0.047616948,-0.016880127,0.002301536,-0.339206008,-0.121514745,0.016881171,9.445365849,1.95E-15,-2.29E-16,5.81E-28,5.01E-16,1.60E-15,-1.16E-15,0.709222827,-0.374607224,-6.87E-16,0.374607224,0.709222827,10,-2.138652191,0.85932784,0.11092683,0.281492389,-0.202741655,0.047616948,-0.016880127,0.002301536,0.339206008,-0.121514745,0.016881171,-1.05E-26,39.51639998,0.021038336,-1.29E-14,-1.50E-14,-0.301691495,17.68755782,0.003019608,0.105306159,-0.584390358,0.175500506,0.040991302,-9.69E-27,148.8784843,0.530813077,2.37E-14,1.19E-14,0.122961055,17.68755782,0.003019608,0.105306159,0.584390358,-0.175500506,0.040991302,-1.244646251,-0.751327593,-3.968962516,-1.244646251,4.266209658,8.591239896,1.244646251,4.266209658,8.591239896,1.244646251,-0.751327593,-3.968962516,8.6,2095.376897,-4.55E-01,299.7453593,0,2.27E-13,1,10,1,10,10,1,10,1,1,1,1,1
86.75646027,-1.51E-15,3.24E-16,1,-5.18E-14,-1.06E-14,1.01E-15,0.219800877,-0.975544758,5.29E-14,0.975544758,0.219800877,82,-0.435962772,-4.736438618,0.951292054,0.306993432,-0.028257034,-0.110250784,0.42436361,0.898754856,0.287903095,-0.851862993,0.437539997,77.24353973,4.02E-15,-8.99E-17,1,1.62E-15,-2.18E-16,4.38E-16,-0.394185986,-0.91903069,-1.57E-15,0.91903069,-0.394185986,82,0.435962772,4.736438618,0.951292054,-0.306993432,0.028257034,0.110250784,0.42436361,0.898754856,-0.287903095,-0.851862993,0.437539997,10.52287929,-1.59E-15,-1.02E-15,-1.01E-27,-5.51E-15,-8.38E-15,-1.16E-15,0.128326611,0.028962677,6.34E-15,-0.028962677,0.128326611,10,2.181414509,-0.726023677,0.104575858,-0.307956291,0.174167412,-0.013635793,-0.004274007,0.000289866,-0.350634842,-0.113275963,0.010296785,9.477120708,4.84E-16,2.28E-16,-5.82E-28,2.76E-16,-4.77E-17,3.94E-16,0.744239193,-0.319372147,-8.19E-17,0.319372147,0.744239193,10,-2.181414509,0.726023677,0.104575858,0.307956291,-0.174167412,0.013635793,-0.004274007,0.000289866,0.350634842,-0.113275963,0.010296785,1.07E-26,41.07280105,0.016205162,3.28E-14,1.07E-14,-0.298475413,22.32456344,0.001217209,0.111153157,-0.60477741,0.131907974,0.019576456,9.69E-27,152.5475956,0.541542736,-2.64E-14,-8.46E-15,0.130105179,22.32456344,0.001217209,0.111153157,0.60477741,-0.131907974,0.019576456,-1.587742955,-0.632610127,-4.175608667,-1.587742955,3.643621613,9.154807634,1.587742955,3.643621613,9.154807634,1.587742955,-0.632610127,-4.175608667,8.7,2095.376897,0,299.7453593,1.42E-13,4.55E-13,1,10,1,10,10,1,10,1,1,1,1,1
87.8068364,-1.58E-15,3.43E-16,1,-5.23E-14,-1.15E-14,9.44E-16,0.231771681,-0.972770213,5.36E-14,0.972770213,0.231771681,83,-0.216094471,-4.801976605,0.961367279,0.274990575,-0.012374892,-0.109847062,0.424470377,0.898753872,0.252401619,-0.862673219,0.438278839,78.1931636,4.14E-15,-8.91E-17,1,1.65E-15,-1.42E-16,3.89E-16,-0.31820947,-0.948020429,-1.61E-15,0.948020429,-0.31820947,83,0.216094471,4.801976605,0.961367279,-0.274990575,0.012374892,0.109847062,0.424470377,0.898753872,-0.252401619,-0.862673219,0.438278839,10.48464318,-4.70E-18,1.40E-15,2.96E-28,-4.55E-15,-8.83E-15,-2.52E-16,0.111089464,0.026528212,7.11E-15,-0.026528212,0.111089464,10,2.215951507,-0.584736064,0.096928636,-0.332100837,0.143475425,0.021710226,0.006409351,-0.000309552,-0.35939466,-0.102928546,0.004480047,9.515356819,1.93E-15,-2.12E-16,5.81E-28,2.71E-16,1.57E-15,-1.37E-15,0.775291138,-0.260422638,-5.61E-16,0.260422638,0.775291138,10,-2.215951507,0.584736064,0.096928636,0.332100837,-0.143475425,-0.021710226,0.006409351,-0.000309552,0.35939466,-0.102928546,0.004480047,-1.05E-26,43.32746565,0.012670142,-1.08E-14,-1.39E-14,-0.289033636,26.60698423,-0.000880691,0.114907921,-0.615601997,0.087498224,-0.002131027,-9.69E-27,156.5241799,0.551674584,2.51E-14,9.68E-15,0.133388911,26.60698423,-0.000880691,0.114907921,0.615601997,-0.087498224,-0.002131027,-1.911805534,-0.472232331,-4.426912502,-1.911805535,2.981467505,9.701848793,1.911805535,2.981467505,9.701848793,1.911805535,-0.472232331,-4.426912502,8.8,2095.376897,4.55E-01,299.7453593,2.04E-13,0,1,10,1,10,10,1,10,1,1,1,1,1
88.85299074,-1.67E-15,3.55E-16,1,-5.28E-14,-1.23E-14,8.74E-16,0.242061486,-0.970260912,5.42E-14,0.970260912,0.242061486,84,0.006780094,-4.852986004,0.970598148,0.240705467,0.000336289,-0.105840004,0.425523682,0.898736607,0.216187716,-0.872347679,0.438488766,79.14700926,4.25E-15,-8.79E-17,1,1.67E-15,-4.86E-17,3.54E-16,-0.239349448,-0.97093349,-1.64E-15,0.97093349,-0.239349448,84,-0.006780094,4.852986004,0.970598148,-0.240705467,-0.000336289,0.105840004,0.425523682,0.898736607,-0.216187716,-0.872347679,0.438488766,10.4384437,-1.66E-15,-1.16E-15,-1.02E-27,-5.72E-15,-6.87E-15,-1.15E-15,0.094706632,0.023657816,6.40E-15,-0.023657816,0.094706632,10,2.24153979,-0.43545191,0.087688741,-0.353601326,0.110748198,0.05843093,0.014656744,-3.57E-05,-0.364883408,-0.090560672,-0.000281509,9.561556297,2.78E-16,2.38E-16,-5.82E-28,2.99E-16,3.06E-16,6.59E-16,0.801909284,-0.19783858,-7.48E-17,0.19783858,0.801909284,10,-2.24153979,0.43545191,0.087688741,0.353601326,-0.110748198,-0.05843093,0.014656744,-3.57E-05,0.364883408,-0.090560672,-0.000281509,1.07E-26,45.7829786,0.009106342,3.63E-14,1.12E-14,-0.276611444,31.84506438,0.00174111,0.117563747,-0.62683106,0.034751397,-0.02615607,9.69E-27,161.0409329,0.563187469,-2.00E-14,-6.32E-15,0.13510024,31.84506438,0.00174111,0.117563747,0.62683106,-0.034751397,-0.02615607,-2.309973943,-0.293997976,-4.690363971,-2.309973943,2.264830323,10.23805148,2.309973943,2.264830323,10.23805148,2.309973943,-0.293997976,-4.690363971,8.9,2095.376897,0,299.7453593,1.14E-13,-2.27E-13,1,10,1,10,10,1,10,1,1,1,1,1
89.8941621,-1.75E-15,3.67E-16,1,-5.34E-14,-1.30E-14,7.91E-16,0.250777895,-0.968044651,5.49E-14,0.968044651,0.250777895,85,0.231720263,-4.88867348,0.97883242,0.204433843,0.009690045,-0.098134331,0.427266869,0.898783998,0.179601632,-0.880709843,0.438284642,80.1058379,4.37E-15,-8.49E-17,1,1.69E-15,3.30E-17,3.00E-16,-0.15808979,-0.987424741,-1.66E-15,0.987424741,-0.15808979,85,-0.231720263,4.88867348,0.97883242,-0.204433843,-0.009690045,0.098134331,0.427266869,0.898783998,-0.179601632,-0.880709843,0.438284642,10.38498352,5.40E-17,1.41E-15,2.85E-28,-4.72E-15,-7.63E-15,-5.18E-16,0.079621555,0.020667391,7.14E-15,-0.020667391,0.079621555,10,2.257263592,-0.278297612,0.076996704,-0.371831164,0.076326913,0.095682529,0.020206989,0.000983553,-0.366838282,-0.076682589,-0.003800966,9.615016478,1.98E-15,-1.78E-16,5.81E-28,1.25E-17,1.33E-15,-1.74E-15,0.823283882,-0.131986436,-4.48E-16,0.131986436,0.823283882,10,-2.257263592,0.278297612,0.076996704,0.371831164,-0.076326913,-0.095682529,0.020206989,0.000983553,0.366838282,-0.076682589,-0.003800966,-1.05E-26,48.7711917,0.006825809,-1.64E-14,-1.30E-14,-0.255949245,36.53386673,0.004305962,0.117495546,-0.626065694,-0.019436327,-0.049247737,-9.69E-27,165.6773298,0.57372441,1.57E-14,8.07E-15,0.130949183,36.53386673,0.004305962,0.117495546,0.626065694,0.019436327,-0.049247737,-2.673009034,-0.06767425,-4.979029304,-2.673009034,1.504705965,10.73640048,2.673009034,1.504705965,10.73640048,2.673009034,-0.06767425,-4.979029304,9,2095.376897,0,299.7453593,1.71E-13,2.27E-13,1,10,1,10,10,1,10,1,1,1,1,1
90.92957267,-1.83E-15,3.77E-16,1,-5.39E-14,-1.36E-14,7.29E-16,0.258067415,-0.966126912,5.56E-14,0.966126912,0.258067415,86,0.457699852,-4.908278469,0.985914533,0.166527444,0.015528782,-0.086689239,0.429411236,0.8989388,0.143029747,-0.887623006,0.437798916,81.07042733,4.46E-15,-7.96E-17,1,1.70E-15,1.42E-16,2.69E-16,-0.074987474,-0.997184476,-1.69E-15,0.997184476,-0.074987474,86,-0.457699852,4.908278469,0.985914533,-0.166527444,-0.015528782,0.086689239,0.429411236,0.8989388,-0.143029747,-0.887623006,0.437798916,10.32322779,-1.76E-15,-1.23E-15,-1.03E-27,-6.09E-15,-5.11E-15,-7.25E-16,0.066168835,0.017687405,6.44E-15,-0.017687405,0.066168835,10,2.262328196,-0.11380216,0.064645559,-0.386296804,0.040447837,0.133219317,0.022680361,0.002112477,-0.364599401,-0.061580676,-0.005913546,9.676772207,-7.48E-17,2.83E-16,-5.82E-28,2.53E-16,8.54E-16,1.13E-15,0.838762443,-0.063208269,-3.81E-17,0.063208269,0.838762443,10,-2.262328196,0.11380216,0.064645559,0.386296804,-0.040447837,-0.133219317,0.022680361,0.002112477,0.364599401,-0.061580676,-0.005913546,1.07E-26,51.77009666,0.004506525,4.65E-14,1.14E-14,-0.22947176,41.88671965,0.011626397,0.116017754,-0.622705856,-0.082929723,-0.072743016,9.69E-27,170.5371593,0.584796423,-7.37E-15,-4.91E-15,0.122616859,41.88671965,0.011626397,0.116017754,0.622705856,0.082929723,-0.072743016,-3.087786462,0.184992596,-5.257863685,-3.087786462,0.691452942,11.19168154,3.087786462,0.691452942,11.19168154,3.087786462,0.184992596,-5.257863685,9.1,2095.376897,0,299.7453593,0,-2.27E-13,1,10,1,10,10,1,10,1,1,1,1,1
91.9584664,-1.92E-15,3.86E-16,1,-5.45E-14,-1.42E-14,6.67E-16,0.264119335,-0.964490009,5.63E-14,0.964490009,0.264119335,87,0.683612143,-4.911116313,0.991693279,0.127396906,0.017733254,-0.071530529,0.431647626,0.899201707,0.106900999,-0.893000759,0.437174818,82.0415336,4.57E-15,-7.30E-17,1,1.71E-15,2.60E-16,2.44E-16,0.009325522,-0.999956516,-1.71E-15,0.999956516,0.009325522,87,-0.683612143,4.911116313,0.991693279,-0.127396906,-0.017733254,0.071530529,0.431647626,0.899201707,-0.106900999,-0.893000759,0.437174818,10.25464678,2.91E-17,1.41E-15,2.74E-28,-4.97E-15,-6.43E-15,-5.17E-16,0.054869571,0.015050654,7.16E-15,-0.015050654,0.054869571,10,2.255917622,0.05704528,0.050929356,-0.396313953,0.003641598,0.16995489,0.022047431,0.003145672,-0.357975571,-0.045974384,-0.006568423,9.745353218,2.17E-15,-1.51E-16,5.82E-28,-1.89E-16,1.50E-15,-1.63E-15,0.847497478,0.007767458,-3.82E-16,-0.007767458,0.847497478,10,-2.255917622,-0.05704528,0.050929356,0.396313953,-0.003641598,-0.16995489,0.022047431,0.003145672,0.357975571,-0.045974384,-0.006568423,-1.05E-26,54.898693,0.003374071,-2.62E-14,-1.23E-14,-0.193263786,46.2234919,0.018755312,0.111320492,-0.604377882,-0.147262989,-0.093472967,-9.69E-27,175.0256309,0.594065619,1.06E-14,7.73E-15,0.106728967,46.2234919,0.018755312,0.111320492,0.604377882,0.147262989,-0.093472967,-3.429050557,0.482435231,-5.521669552,-3.429050557,-0.158622124,11.56307439,3.429050557,-0.158622124,11.56307439,3.429050557,0.482435231,-5.521669552,9.2,2095.376897,-4.55E-01,299.7453593,-1.14E-13,0,1,10,1,10,10,1,10,1,1,1,1,1
92.98015532,-2.01E-15,3.93E-16,1,-5.50E-14,-1.48E-14,6.03E-16,0.269169843,-0.963092724,5.70E-14,0.963092724,0.269169843,88,0.908281808,-4.896628552,0.996031064,0.087513482,0.016232986,-0.052762576,0.43366002,0.899530487,0.071681448,-0.896816803,0.436556288,83.01984468,4.67E-15,-6.31E-17,1,1.70E-15,3.92E-16,2.30E-16,0.09414288,-0.995558697,-1.73E-15,0.995558697,0.09414288,88,-0.908281808,4.896628552,0.996031064,-0.087513482,-0.016232986,0.052762576,0.43366002,0.899530487,-0.071681448,-0.896816803,0.436556288,10.17913171,-1.74E-15,-1.25E-15,-1.05E-27,-6.31E-15,-4.18E-15,-7.67E-16,0.046140596,0.012895035,6.47E-15,-0.012895035,0.046140596,10,2.237475676,0.232709938,0.035826343,-0.40135454,-0.033646952,0.205404169,0.018200455,0.003429925,-0.34641545,-0.03034649,-0.005802168,9.820868287,-1.67E-16,3.50E-16,-5.82E-28,5.98E-17,1.14E-15,1.36E-15,0.848849675,0.08018894,-2.92E-17,-0.08018894,0.848849675,10,-2.237475676,-0.232709938,0.035826343,0.40135454,0.033646952,-0.205404169,0.018200455,0.003429925,0.34641545,-0.03034649,-0.005802168,1.07E-26,57.57806552,0.002083076,4.22E-14,1.15E-14,-0.149795949,50.64600599,0.030110454,0.105197156,-0.580619744,-0.219779864,-0.112248389,9.69E-27,179.1101671,0.602662881,-6.24E-15,-3.83E-15,0.085083973,50.64600599,0.030110454,0.105197156,0.580619744,0.219779864,-0.112248389,-3.775753429,0.800654741,-5.730956244,-3.775753428,-1.043539879,11.83550958,3.775753428,-1.043539879,11.83550958,3.775753429,0.800654741,-5.730956244,9.3,2095.376897,4.55E-01,299.7453593,-1.14E-13,-2.27E-13,1,10,1,10,10,1,10,1,1,1,1,1
93.99407621,-2.09E-15,3.98E-16,1,-5.56E-14,-1.52E-14,5.39E-16,0.273498136,-0.961872533,5.76E-14,0.961872533,0.273498136,89,1.130490286,-4.864441271,0.998815241,0.047400078,0.011015721,-0.030574482,0.435143878,0.899841656,0.037859141,-0.899112361,0.43607757,84.00592379,4.77E-15,-5.20E-17,1,1.68E-15,5.20E-16,2.11E-16,0.178697979,-0.983903975,-1.75E-15,0.983903975,0.178697979,89,-1.130490286,4.864441271,0.998815241,-0.047400078,-0.011015721,0.030574482,0.435143878,0.899841656,-0.037859141,-0.899112361,0.43607757,10.09928602,3.03E-17,1.35E-15,2.64E-28,-5.13E-15,-5.71E-15,-4.95E-16,0.040425245,0.011508787,7.17E-15,-0.011508787,0.040425245,10,2.206693878,0.411035684,0.019857203,-0.40091353,-0.07069835,0.238357702,0.011476698,0.002793458,-0.330030678,-0.015564683,-0.003772189,9.900713983,2.17E-15,-1.28E-16,5.82E-28,-4.19E-16,1.41E-15,-1.75E-15,0.842252306,0.152905487,-3.41E-16,-0.152905487,0.842252306,10,-2.206693878,-0.411035684,0.019857203,0.40091353,0.07069835,-0.238357702,0.011476698,0.002793458,0.330030678,-0.015564683,-0.003772189,-1.06E-26,59.78189424,0.001804413,-3.00E-14,-1.20E-14,-0.097951525,53.36464904,0.040571521,0.095792953,-0.540328455,-0.289574707,-0.126132757,-9.69E-27,182.0890105,0.608356875,5.52E-15,7.30E-15,0.056609773,53.36464904,0.040571521,0.095792953,0.540328455,0.289574707,-0.126132757,-3.992284785,1.141092965,-5.870753081,-3.992284785,-1.937086793,11.96182155,3.992284785,-1.937086793,11.96182155,3.992284785,1.141092965,-5.870753081,9.4,2095.376897,0,299.7453593,0,-2.27E-13,1,10,1,10,10,1,10,1,1,1,1,1
94.99984352,-2.15E-15,4.04E-16,1,-5.62E-14,-1.57E-14,4.79E-16,0.277419871,-0.960748779,5.83E-14,0.960748779,0.277419871,90,1.349009303,-4.814416801,0.999968704,0.00761801,0.002134582,-0.005241437,0.43582431,0.900016499,0.005926032,-0.89999952,0.4358506,85.00015648,4.86E-15,-3.90E-17,1,1.65E-15,6.51E-16,1.95E-16,0.262183851,-0.965017942,-1.77E-15,0.965017942,0.262183851,90,-1.349009303,4.814416801,0.999968704,-0.00761801,-0.002134582,0.005241437,0.43582431,0.900016499,-0.005926032,-0.89999952,0.4358506,10.01606027,-1.26E-15,-1.23E-15,-1.06E-27,-6.40E-15,-3.76E-15,-7.05E-16,0.038009455,0.010966304,6.48E-15,-0.010966304,0.038009455,10,2.163686462,0.589453699,0.003212053,-0.394727837,-0.106924436,0.268303201,0.002131949,0.000703388,-0.30863151,-0.002178498,-0.000767214,9.983939733,-3.48E-16,3.88E-16,-5.82E-28,-1.70E-16,1.22E-15,1.44E-15,0.827465129,0.224815175,-1.22E-17,-0.224815175,0.827465129,10,-2.163686462,-0.589453699,0.003212053,0.394727837,0.106924436,-0.268303201,0.002131949,0.000703388,0.30863151,-0.002178498,-0.000767214,1.07E-26,60.98575508,0.001199646,3.72E-14,1.15E-14,-0.041196107,55.51713567,0.054077957,0.085561213,-0.494480283,-0.363053534,-0.1358985,9.70E-27,183.9595619,0.612228741,-4.08E-15,-3.33E-15,0.024082627,55.51713567,0.054077957,0.085561213,0.494480283,0.363053534,-0.1358985,-4.161287491,1.4766116,-5.908399882,-4.161287491,-2.824130053,11.93340162,4.161287491,-2.824130053,11.93340162,4.161287491,1.4766116,-5.908399882,9.5,2095.376897,0,299.7453593,-2.27E-13,-6.82E-13,1,10,1,10,10,1,10,1,1,1,1,1
95.9972919,-2.22E-15,4.09E-16,1,-5.67E-14,-1.62E-14,4.28E-16,0.28127082,-0.959628431,5.90E-14,0.959628431,0.28127082,91,1.562643553,-4.746690581,0.99945838,-0.03125789,-0.010290315,0.02288478,0.435474976,0.899909902,-0.02364811,-0.899657985,0.435954445,86.0027081,4.94E-15,-2.51E-17,1,1.60E-15,8.04E-16,2.04E-16,0.343786601,-0.939047801,-1.78E-15,0.939047801,0.343786601,91,-1.562643553,4.746690581,0.99945838,0.03125789,0.010290315,-0.02288478,0.435474976,0.899909902,0.02364811,-0.899657985,0.435954445,9.932907325,-1.32E-16,1.33E-15,2.55E-28,-5.14E-15,-5.57E-15,-3.28E-16,0.039009538,0.011440645,7.18E-15,-0.011440645,0.039009538,10,2.108998539,0.765070714,-0.013418535,-0.38279017,-0.141573498,0.294221138,-0.009118628,-0.002835321,-0.282851339,0.009009212,0.0028441,10.06709267,2.05E-15,-1.11E-16,5.82E-28,-8.23E-16,1.85E-15,-1.25E-15,0.804589877,0.294587641,-3.13E-16,-0.294587641,0.804589877,10,-2.108998539,-0.765070714,-0.013418535,0.38279017,0.141573498,-0.294221138,-0.009118628,-0.002835321,0.282851339,0.009009212,0.0028441,-1.06E-26,61.25604999,0.001467407,-3.49E-14,-1.18E-14,0.018212955,55.45120263,0.065505559,0.072707695,-0.434479697,-0.427274974,-0.139247775,-9.69E-27,184.1738813,0.612427335,1.34E-14,7.18E-15,-0.01065229,55.45120263,0.065505559,0.072707695,0.434479697,0.427274974,-0.139247775,-4.157647112,1.795373863,-5.841953338,-4.157647112,-3.67341844,11.71974817,4.157647112,-3.67341844,11.71974817,4.157647112,1.795373863,-5.841953338,9.6,2095.376897,-4.55E-01,299.7453593,0,-4.55E-13,1,10,1,10,10,1,10,1,1,1,1,1
96.986495,-2.29E-15,4.07E-16,1,-5.73E-14,-1.67E-14,3.69E-16,0.285389969,-0.95841148,5.97E-14,0.95841148,0.285389969,92,1.770271309,-4.661681233,0.997299001,-0.068664293,-0.026075234,0.053390896,0.433931523,0.899362466,-0.050439222,-0.898325469,0.436425522,87.013505,5.01E-15,-1.43E-17,1,1.55E-15,9.36E-16,1.93E-16,0.422718555,-0.906261013,-1.80E-15,0.906261013,0.422718555,92,-1.770271309,4.661681233,0.997299001,0.068664293,0.026075234,-0.053390896,0.433931523,0.899362466,0.050439222,-0.898325469,0.436425522,9.851154741,-1.29E-15,-1.37E-15,-1.07E-27,-6.21E-15,-4.33E-15,-8.54E-16,0.043373437,0.01289837,6.49E-15,-0.01289837,0.043373437,10,2.043556589,0.93511624,-0.029769052,-0.36533788,-0.174124878,0.315901186,-0.021750442,-0.008113396,-0.25297089,0.017641099,0.006577458,10.14884526,-7.19E-16,3.28E-16,-5.82E-28,-2.40E-16,7.80E-16,1.03E-15,0.774049198,0.361148126,-5.27E-17,-0.361148126,0.774049198,10,-2.043556589,-0.93511624,-0.029769052,0.36533788,0.174124878,-0.315901186,-0.021750442,-0.008113396,0.25297089,0.017641099,0.006577458,1.07E-26,60.32743656,0.001346356,2.50E-14,1.13E-14,0.07663509,54.58828177,0.078470778,0.060345114,-0.373020275,-0.489083152,-0.137566045,9.70E-27,183.0311189,0.610424148,-2.02E-14,-2.14E-15,-0.044564965,54.58828177,0.078470778,0.060345114,0.373020275,0.489083152,-0.137566045,-4.087629217,2.076592638,-5.66295883,-4.087629217,-4.467602324,11.34159372,4.087629217,-4.467602324,11.34159372,4.087629217,2.076592638,-5.66295883,9.7,2095.376897,4.55E-01,299.7453593,-6.82E-13,0,1,10,1,10,10,1,10,1,1,1,1,1
97.96775676,-2.36E-15,4.03E-16,1,-5.79E-14,-1.72E-14,3.17E-16,0.290097874,-0.956996982,6.04E-14,0.956996982,0.290097874,93,1.970879736,-4.560070209,0.993551352,-0.104078073,-0.04498294,0.085825824,0.431100507,0.898212826,-0.074092092,-0.896281266,0.437253078,88.03224324,5.07E-15,-1.61E-18,1,1.47E-15,1.08E-15,2.02E-16,0.49825402,-0.867031102,-1.82E-15,0.867031102,0.49825402,93,-1.970879736,4.560070209,0.993551352,0.104078073,0.04498294,-0.085825824,0.431100507,0.898212826,0.074092092,-0.896281266,0.437253078,9.774080411,-1.14E-16,1.29E-15,2.45E-28,-4.90E-15,-6.26E-15,-1.86E-16,0.050784664,0.015391597,7.17E-15,-0.015391597,0.050784664,10,1.968611949,1.097104243,-0.045183918,-0.342937726,-0.204029251,0.332797374,-0.03486987,-0.014879412,-0.220086509,0.023242967,0.009973663,10.22591959,1.84E-15,-7.36E-17,5.82E-28,-1.29E-15,2.09E-15,-8.53E-16,0.736660116,0.4234501,-2.48E-16,-0.4234501,0.736660116,10,-1.968611949,-1.097104243,-0.045183918,0.342937726,0.204029251,-0.332797374,-0.03486987,-0.014879412,0.220086509,0.023242967,0.009973663,-1.06E-26,58.55987222,0.002127006,-3.71E-14,-1.17E-14,0.130253687,51.61288521,0.088198064,0.046606943,-0.30333031,-0.535708337,-0.12945899,-9.70E-27,180.345419,0.604903563,2.75E-14,5.46E-15,-0.074496219,51.61288521,0.088198064,0.046606943,0.30333031,0.535708337,-0.12945899,-3.853716474,2.308864159,-5.398660799,-3.853716475,-5.185599799,10.80013954,3.853716475,-5.185599799,10.80013954,3.853716474,2.308864159,-5.398660799,9.8,2095.376897,-9.09E-01,299.7453593,0,-2.27E-13,1,10,1,10,10,1,10,1,1,1,1,1
98.94157791,-2.42E-15,4.09E-16,1,-5.84E-14,-1.78E-14,2.72E-16,0.295681599,-0.95528655,6.11E-14,0.95528655,0.295681599,94,2.163585507,-4.442757032,0.988315583,-0.137035503,-0.066735143,0.119722935,0.4269599,0.896310026,-0.094333065,-0.893826893,0.438377415,89.05842209,5.12E-15,1.89E-17,1,1.39E-15,1.21E-15,2.03E-16,0.569752604,-0.821816263,-1.83E-15,0.821816263,0.569752604,94,-2.163585507,4.442757032,0.988315583,0.137035503,0.066735143,-0.119722935,0.4269599,0.896310026,0.094333065,-0.893826893,0.438377415,9.702342652,-9.52E-16,-1.15E-15,-1.07E-27,-5.86E-15,-5.38E-15,-7.04E-16,0.060889828,0.018817046,6.49E-15,-0.018817046,0.060889828,10,1.885503476,1.249159303,-0.05953147,-0.316210867,-0.231014815,0.345144845,-0.047942282,-0.023176584,-0.184732952,0.025844484,0.012513064,10.29765735,-7.00E-16,4.83E-16,-5.82E-28,-3.42E-16,5.61E-16,8.78E-16,0.693311562,0.480846675,-1.32E-16,-0.480846675,0.693311562,10,-1.885503476,-1.249159303,-0.05953147,0.316210867,0.231014815,-0.345144845,-0.047942282,-0.023176584,0.184732952,0.025844484,0.012513064,1.07E-26,55.94559119,0.002629318,1.87E-14,1.10E-14,0.17775565,48.25059402,0.098240516,0.0349632,-0.238010456,-0.576521105,-0.117181128,9.70E-27,176.7449823,0.597863798,-3.00E-14,2.74E-16,-0.09942094,48.25059402,0.098240516,0.0349632,0.238010456,0.576521105,-0.117181128,-3.586887969,2.489183929,-5.061134457,-3.586887969,-5.821663461,10.14437149,3.586887969,-5.821663461,10.14437149,3.586887969,2.489183929,-5.061134457,9.9,2095.376897,4.55E-01,299.7453593,0,-2.27E-13,1,10,1,10,10,1,10,1,1,1,1,1
99.90860439,-2.46E-15,4.00E-16,1,-5.89E-14,-1.85E-14,2.24E-16,0.30238144,-0.953187004,6.17E-14,0.953187004,0.30238144,95,2.347642014,-4.310797377,0.981720878,-0.167146963,-0.091027529,0.154623152,0.421554698,0.893522981,-0.11097657,-0.891265129,0.439693838,90.09139561,5.18E-15,3.16E-17,1,1.30E-15,1.33E-15,1.99E-16,0.636675365,-0.771131947,-1.85E-15,0.771131947,0.636675365,95,-2.347642014,4.310797377,0.981720878,0.167146963,0.091027529,-0.154623152,0.421554698,0.893522981,0.11097657,-0.891265129,0.439693838,9.638186829,3.75E-17,9.53E-16,2.36E-28,-4.34E-15,-7.85E-15,-2.54E-16,0.073107001,0.023173869,7.17E-15,-0.023173869,0.073107001,10,1.795626647,1.390033792,-0.072362634,-0.286018328,-0.254832889,0.352859477,-0.060161761,-0.032564313,-0.148137149,0.025390804,0.013815397,10.36181317,1.82E-15,-2.28E-16,5.82E-28,-1.51E-15,1.82E-15,-9.57E-16,0.645143657,0.532839648,-1.69E-16,-0.532839648,0.645143657,10,-1.795626647,-1.390033792,-0.072362634,0.286018328,0.254832889,-0.352859477,-0.060161761,-0.032564313,0.148137149,0.025390804,0.013815397,-1.06E-26,53.04800901,0.004201062,-4.68E-14,-1.18E-14,0.216017724,43.4016235,0.104433544,0.023176037,-0.170032889,-0.600461291,-0.099920993,-9.70E-27,172.2709269,0.588258196,2.85E-14,2.80E-15,-0.11689931,43.4016235,0.104433544,0.023176037,0.170032889,0.600461291,-0.099920993,-3.20779114,2.614707061,-4.695737686,-3.20779114,-6.372975795,9.391711291,3.20779114,-6.372975795,9.391711291,3.20779114,2.614707061,-4.695737686,10,2095.376897,0,299.7453593,0,-6.82E-13,1,10,1,10,10,1,10,1,1,1,1,1
