time,total_energy,energy_increment,external_power,tip_velocity_B_1,tip_velocity_B_2,tip_velocity_B_3,tip_position_I_1,tip_position_I_2,tip_position_I_3,mid_constraint_1,mid_constraint_2,mid_constraint_3,mid_constraint_4,mid_constraint_5,mid_constraint_6,mid_constraint_norm,drift_K_1,drift_K_2,drift_K_3,Gamma_1,Gamma_2,Gamma_3
0,0,1.60214736512293e-07,0.000160214736512292,0,0,0,1,0,0,0,0,0,0,0,0,0,0,0,0,0,0,8.27511384415758e-17
0.001,1.60214736512293e-07,1.0731678589304e-05,0.010731678589304,-0.000767948808142766,-0.000767071380887988,5.11783759025463e-09,0.99999999999847,3.83726379715858e-07,3.83783838039957e-07,1.11022302462516e-15,1.11022302462516e-15,0,-9.96385418249733e-21,-6.7758086286975e-20,6.76497256267305e-20,1.57009246163485e-15,2.19929594402791e-11,2.19649117402587e-11,1.61857842439588e-13,6.08183154630906e-08,6.07479802813377e-08,5.84472962704477e-13
0.002,1.08918933258163e-05,4.60664958016523e-05,0.0460664958016523,-0.00696257132580842,-0.0068944347744281,4.08667585776353e-07,0.999999999828916,4.22985549914848e-06,4.23375071553041e-06,1.11022302462516e-15,9.99200722162641e-16,0,2.48922120392787e-19,-6.77560183354436e-20,6.76501392170368e-20,1.49365234198183e-15,1.9747094664243e-09,1.95477389099839e-09,9.57406987836811e-11,6.81431589881882e-07,6.75033347021423e-07,5.06656054567865e-11
0.003,5.69583891274686e-05,0.000114872571128111,0.114872571128111,-0.0199318239268953,-0.0194504667669181,3.02287841101789e-06,0.999999997428051,1.75320266684626e-05,1.75527770084128e-05,1.11022302462516e-15,9.99200722162641e-16,1.11022302462516e-16,1.31466287055751e-19,-6.7762635780344e-20,6.77096962211406e-20,1.49777275502061e-15,1.66128185794849e-08,1.62432405869661e-08,1.24953405677199e-09,2.65428408646501e-06,2.5968928840704e-06,4.58834068525666e-10
0.004,0.000171830960255579,0.00026514378558081,0.26514378558081,-0.0417168877018045,-0.0399666536053617,1.27359920531827e-05,0.999999983036727,4.7779462626485e-05,4.7849079576644e-05,1.11022302462516e-15,9.99200722162641e-16,1.11022302462516e-16,2.24711075797001e-19,-6.79743940171576e-20,6.7762635780344e-20,1.49777276611962e-15,6.60026287003994e-08,6.33350984290984e-08,6.48286753464002e-09,5.76210279295014e-06,5.5367246900352e-06,2.08806755486446e-09
0.005,0.000436974745836389,0.000444345765742977,0.444345765742977,-0.0736790597522926,-0.0688207656865549,3.96213571165755e-05,0.999999927530966,0.000103782931059532,0.000103987957089741,1.11022302462516e-15,9.99200722162641e-16,0,-1.99473566702429e-18,-6.79743940171576e-20,6.7762635780344e-20,1.49365365321444e-15,1.80017860821972e-07,1.68587717304199e-07,2.60818409747143e-08,1.02446051362248e-05,9.60549331488746e-06,7.0391488730384e-09
0.006,0.000881320511579366,0.000704682356336414,0.704682356336414,-0.116903038513236,-0.106103956637805,0.000101093151942571,0.999999764687157,0.000195092438540288,0.000195603529812499,9.99200722162641e-16,9.99200722162641e-16,1.11022302462516e-16,-1.31709880305772e-18,-6.43745039913268e-20,6.43745039913268e-20,1.4174384857983e-15,4.08273570982106e-07,3.7182451236958e-07,7.41424815286452e-08,1.61556150682299e-05,1.47418944733327e-05,1.90081091004162e-08
0.007,0.00158600286791578,0.00109479250111443,1.09479250111443,-0.172480579198165,-0.151560433193473,0.000223757922712846,0.999999367584167,0.000331778267220551,0.000332908447475348,1.11022302462516e-15,1.11022302462516e-15,1.11022302462516e-16,7.47608319167264e-19,-6.7762635780344e-20,7.45388993583784e-20,1.57401297628887e-15,7.89739143401631e-07,6.97271189173558e-07,1.76254089912113e-07,2.35283911554974e-05,2.08142813937283e-05,4.36471083963331e-08
0.008,0.00268079536903021,0.00142364122809127,1.42364122809127,-0.241548749174447,-0.204310442047367,0.000445101393026221,0.999998519792809,0.000524222894107758,0.000526523972148669,1.11022302462516e-15,9.99200722162641e-16,1.11022302462516e-16,-8.97345380832226e-19,-6.7762635780344e-20,6.7762635780344e-20,1.49777301806199e-15,1.40994040283838e-06,1.20050706873966e-06,3.8242657401892e-07,3.24888065028373e-05,2.77271494132205e-05,8.8571624612145e-08
0.009,0.00410443659712148,0.00195516397565559,1.95516397565558,-0.324087505034595,-0.26372810761956,0.000813948428644993,0.999996884240454,0.000782784952141279,0.000787112410808229,1.11022302462516e-15,9.99200722162641e-16,1.11022302462516e-16,-7.65929542554701e-19,-8.13151629364128e-20,5.42101086242752e-20,1.49777294521607e-15,2.29194311678833e-06,1.88230693152343e-06,7.12219913523768e-07,4.29313583242866e-05,3.53410580771176e-05,1.63622752470761e-07
0.01,0.00605960057277707,0.00248524290613191,2.48524290613189,-0.420971363681787,-0.328149594474726,0.00139031836395021,0.999993971067611,0.00111756064774294,0.00112519552686861,1.11022302462516e-15,1.11022302462516e-15,1.11022302462516e-16,8.74831509792002e-18,-1.62630325872826e-19,5.42101086242752e-20,1.57403711610119e-15,3.54466949643584e-06,2.79506584495104e-06,1.25444167058388e-06,5.48801933633187e-05,4.33911405080787e-05,2.80527278053943e-07
0.011,0.00854484347890898,0.00291907836788191,2.91907836788188,-0.532120090971162,-0.396384686973255,0.00224381658533788,0.999989104844727,0.00153827763340093,0.00155105001256114,9.99200722162641e-16,1.11022302462516e-15,2.22044604925031e-16,5.64933918127176e-18,-1.62630325872826e-19,0,1.5100771489021e-15,5.18056472526416e-06,3.92344343159355e-06,2.06234963158269e-06,6.8337873828086e-05,5.18510950290056e-05,4.52789495001587e-07
0.012,0.0114639218467909,0.00364578592512374,3.6457859251237,-0.656364511627107,-0.467561692807648,0.00345312266035588,0.999981400238351,0.00205395699458966,0.00207431650578409,1.11022302462516e-15,1.11022302462516e-15,1.11022302462516e-16,1.54934502151428e-17,-1.62630325872826e-19,0,1.57408905526591e-15,7.29870800686165e-06,5.31620564550649e-06,3.13261427729397e-06,8.32888137449068e-05,6.08083531073108e-05,6.94865877237701e-07
0.013,0.0151097077719146,0.00406016997228443,4.06016997228438,-0.794169443757381,-0.53891336154743,0.00510729592115411,0.999969746745863,0.00267272987569453,0.00270388871889839,1.11022302462516e-15,1.22124532708767e-15,1.11022302462516e-16,1.88746469219044e-17,-2.16840434497101e-19,0,1.6543027426386e-15,9.89504207712355e-06,6.93537598223105e-06,4.63810574092229e-06,9.96689515225256e-05,6.9902960907692e-05,1.02190659389209e-06
0.014,0.0191698777441991,0.00456822947124255,4.56822947124249,-0.943281580011707,-0.610829322060861,0.0073020389953708,0.999952801654452,0.00340183509238348,0.00344782438526247,1.11022302462516e-15,1.33226762955019e-15,2.22044604925031e-16,2.47685139271366e-17,-1.0842021724855e-19,0,1.74855640422851e-15,1.30229287756378e-05,8.80066609086138e-06,6.46144085814999e-06,0.000117118541121783,7.91273372153015e-05,1.44936612387545e-06
0.015,0.0237381072154416,0.00517786464878757,5.17786464878752,-1.10286475924754,-0.681845704384452,0.0101349225597894,0.999928991706013,0.00424751136936599,0.00431322965493799,1.11022302462516e-15,1.22124532708767e-15,2.22044604925031e-16,2.5372977814121e-17,-3.25260651745651e-19,0,1.66552784837578e-15,1.65449167531314e-05,1.07883821294724e-05,8.66153562301854e-06,0.000135255296469063,8.8012283612111e-05,1.99523613832378e-06
0.016,0.0289159718642292,0.00532274029050974,5.3227402905097,-1.27247594945633,-0.750426546525857,0.0137062355896267,0.999896509966429,0.00521511247204058,0.00530643078562649,1.11022302462516e-15,1.33226762955019e-15,2.22044604925031e-16,3.71364655064703e-17,-3.25260651745651e-19,-1.0842021724855e-19,1.74877535502739e-15,2.05774508075853e-05,1.29464458382802e-05,1.13179058279527e-05,0.000153938415407571,9.62939098187935e-05,2.67751047582382e-06
0.017,0.0342387121547389,0.00576661113092503,5.766611130925,-1.44757424566484,-0.81836776525177,0.0181103155811116,0.999853346101365,0.00630862460049757,0.00643238060422692,1.11022302462516e-15,1.33226762955019e-15,3.33066907387547e-16,4.5880280741858e-17,-3.25260651745651e-19,-1.0842021724855e-19,1.76651376548902e-15,2.48235904861948e-05,1.51014207167441e-05,1.4105655275701e-05,0.000172763232362298,0.000104195163943801,3.50676977729481e-06
0.018,0.0400053232856639,0.00595059992628834,5.95059992628833,-1.62463687991195,-0.881039363378985,0.0233835442527576,0.999797410844896,0.00752921915138558,0.00769305138431954,1.11022302462516e-15,1.4432899320127e-15,3.33066907387547e-16,6.03566429106955e-17,-2.98155597433514e-19,-1.35525271560688e-19,1.85209545884144e-15,2.94084015719845e-05,1.73417730278123e-05,1.72043525495105e-05,0.00019152982405035,0.000111376396795669,4.48023863532409e-06
0.019,0.0459559232119523,0.00578419947656762,5.78419947656763,-1.79923958885666,-0.938894750649951,0.0294568424108422,0.999726655587907,0.00887508515766972,0.0090870843449398,1.11022302462516e-15,1.4432899320127e-15,3.33066907387547e-16,6.65286047291456e-17,-2.91379333855479e-19,-1.0842021724855e-19,1.85230686144543e-15,3.39614799070558e-05,1.94980348563348e-05,2.04018293131072e-05,0.000209582951145391,0.000118030834926901,5.58461609368706e-06
0.02,0.0517401226885199,0.00599035916270351,5.99035916270351,-1.97004747247183,-0.995800178248764,0.0361936039896726,0.999639025614542,0.0103434417105258,0.0106119226309979,9.99200722162641e-16,1.4432899320127e-15,2.22044604925031e-16,7.00490953423386e-17,-3.25260651745651e-19,-2.16840434497101e-19,1.77079042977096e-15,3.84491875148136e-05,2.16906083305184e-05,2.33511696611072e-05,0.000226500600470403,0.000124721656759362,6.80242525237325e-06
0.021,0.0577304818512234,0.00561531255222206,5.61531255222208,-2.13964651761936,-1.04987438755784,0.0434676674627832,0.999532339561558,0.0119321425260018,0.0122656994644139,9.99200722162641e-16,1.33226762955019e-15,3.33066907387547e-16,5.91101942241413e-17,-3.25260651745651e-19,0,1.69934305117302e-15,4.2755682372573e-05,2.38897690710297e-05,2.63385526649131e-05,0.000242729963359331,0.00013172221293078,8.12165446291734e-06
0.022,0.0633457944034455,0.00526512579374197,5.26512579374198,-2.30460760932573,-1.10632708438523,0.0511790426287144,0.999404315958302,0.0136392565361518,0.0140466630073931,9.99200722162641e-16,1.33226762955019e-15,3.33066907387547e-16,5.1697808902719e-17,-2.16840434497101e-19,0,1.69910134929599e-15,4.69180419326542e-05,2.62975997139378e-05,2.88116858626818e-05,0.000258587093731794,0.000140287793824199,9.54402768747039e-06
0.023,0.0686109201971874,0.00514654287128991,5.14654287128986,-2.46420667264785,-1.16550419942123,0.0592619125734387,0.999252675337975,0.0154624265701131,0.015952394446312,9.99200722162641e-16,1.33226762955019e-15,3.33066907387547e-16,6.68851096469886e-17,-6.50521303491303e-19,-4.33680868994202e-19,1.69963140529465e-15,5.08717549829627e-05,2.88705814909174e-05,3.07380645588369e-05,0.000274767694810624,0.000150989639233725,1.10882945108167e-05
0.024,0.0737574630684773,0.00433252954243907,4.33252954243912,-2.61908285601301,-1.22551743601973,0.0677442257009081,0.999075196541585,0.017399001279365,0.0179800499264124,9.99200722162641e-16,1.33226762955019e-15,4.44089209850063e-16,5.58669050691046e-17,0,0,1.72443482257372e-15,5.48436306352061e-05,3.18337809312706e-05,3.23624948178119e-05,0.000292081965764294,0.000164051912460607,1.27855855990108e-05
0.025,0.0780899926109164,0.00404347857985636,4.04347857985632,-2.76295003081885,-1.29286594117396,0.0767460452130362,0.998869923030445,0.0194453139339662,0.0201254513389226,1.11022302462516e-15,1.22124532708767e-15,4.44089209850063e-16,5.93465164164253e-17,4.33680868994202e-19,-8.67361737988404e-19,1.71019691528572e-15,5.86060327691668e-05,3.49439317375128e-05,3.29641711422035e-05,0.000310780221874025,0.000180125461357548,1.46730314704755e-05
0.026,0.0821334711907728,0.00350548938710382,3.50548938710374,-2.89557592715821,-1.36124455453844,0.0864295879178383,0.998635444838391,0.0215958710685294,0.0223821113929865,9.99200722162641e-16,1.22124532708767e-15,4.44089209850063e-16,5.68799564740208e-17,8.67361737988404e-19,0,1.64021143154593e-15,6.23304373132088e-05,3.83448668511977e-05,3.31339144210793e-05,0.000331403578789773,0.000198800676201723,1.67850078188644e-05
0.027,0.0856389605778766,0.00269634834107484,2.69634834107488,-3.01342695149653,-1.43283457464234,0.097001027685071,0.998371036532631,0.0238435854031671,0.0247415711505759,9.99200722162641e-16,1.22124532708767e-15,4.44089209850063e-16,6.17724187773616e-17,1.73472347597681e-18,1.73472347597681e-18,1.64038998675978e-15,6.59128416632513e-05,4.18687461848889e-05,3.2635003640194e-05,0.000354028114031353,0.000220203522359002,1.91440421722803e-05
0.028,0.0883353089189514,0.00244941390841361,2.44941390841364,-3.11077209089786,-1.50933604520067,0.108650081125047,0.998076883548116,0.0261793537438744,0.0271928737226353,1.11022302462516e-15,1.11022302462516e-15,4.44089209850063e-16,4.90194907235009e-17,1.73472347597681e-18,0,1.63242502886266e-15,6.89393238582075e-05,4.5202005763807e-05,3.12812775185542e-05,0.000377925646898014,0.000243927221448189,2.17532514508714e-05
0.029,0.090784722827365,0.00170678464367643,1.70678464367651,-3.18838189139084,-1.5824042693584,0.121546114591347,0.99775428246713,0.028591896688206,0.0297224087928175,1.11022302462516e-15,1.22124532708767e-15,5.55111512312578e-16,5.15538133016857e-17,8.67361737988404e-19,1.73472347597681e-18,1.74208084246717e-15,7.15190816112732e-05,4.83624084837994e-05,2.9713034926854e-05,0.000402367308137612,0.000268555857805973,2.45926073098297e-05
0.03,0.0924915074710415,0.00119274491592757,1.19274491592742,-3.24100895361945,-1.65741730706628,0.135867128161097,0.997405659505893,0.0310684190268208,0.0323148344027621,9.99200722162641e-16,1.22124532708767e-15,4.44089209850063e-16,3.79470760369927e-17,0,1.73472347597681e-18,1.63966473654048e-15,7.30344527048282e-05,5.08630848694014e-05,2.75116630268379e-05,0.000426040868444692,0.000293680718587301,2.76200027975714e-05
0.031,0.093684252386969,0.000945730785151547,0.945730785151327,-3.26658634356887,-1.7289248819991,0.151714011692375,0.997034744842609,0.0335942143918252,0.0349526626654443,1.11022302462516e-15,1.22124532708767e-15,5.55111512312578e-16,5.07948717809459e-17,3.46944695195361e-18,3.46944695195361e-18,1.74206437813498e-15,7.338005568824e-05,5.25882524808226e-05,2.50048504458239e-05,0.00044797848230845,0.000318487559293642,3.07769492730621e-05
0.032,0.0946299831721206,0.000313628890441703,0.313628890441573,-3.26584818550848,-1.79120671456221,0.169065958481514,0.996646609613685,0.0361527293327598,0.0376164696747993,1.11022302462516e-15,1.22124532708767e-15,5.55111512312578e-16,5.72458747072346e-17,0,3.46944695195361e-18,1.74226095395507e-15,7.27497424894151e-05,5.36867808391171e-05,2.25258789078088e-05,0.000467434082607702,0.000342049890779199,3.39903877148094e-05
0.033,0.0949436120625623,0.000132994131686076,0.132994131686152,-3.23426354373616,-1.84851523438431,0.187804911372152,0.996247497681266,0.0387262415049418,0.0402858273540387,1.11022302462516e-15,1.22124532708767e-15,5.55111512312578e-16,7.06899816460549e-17,0,3.46944695195361e-18,1.74275449074462e-15,7.04807529730015e-05,5.35515793205552e-05,1.9774777678283e-05,0.000483245038672826,0.000364377949367096,3.71719975048316e-05
0.034,0.0950766061942483,6.61470578544043e-05,-0.0661470578544605,-3.17652310055972,-1.89230779396513,0.207681205241312,0.995844586561004,0.0412965059548308,0.0429400132912574,9.99200722162641e-16,1.33226762955019e-15,5.55111512312578e-16,6.70036942596042e-17,1.73472347597681e-18,6.93889390390723e-18,1.7567095843019e-15,6.73054829395358e-05,5.27348023322747e-05,1.721472231719e-05,0.00049541004692052,0.000384804962677001,4.02149917274887e-05
0.035,0.0950104591363939,0.000424537011734033,-0.424537011734001,-3.09608120226216,-1.92389756119466,0.228432494588285,0.995445362270289,0.0438463822565005,0.0455600988954917,1.11022302462516e-15,1.22124532708767e-15,5.55111512312578e-16,5.14996031930615e-17,1.73472347597681e-18,6.93889390390723e-18,1.74209284226945e-15,6.30266500069431e-05,5.10074216941507e-05,1.48833465062107e-05,0.000503438530575344,0.000403139011288634,4.29980307030048e-05
0.036,0.0945859221246599,0.000320353191103726,-0.320353191103652,-2.99176728517123,-1.94556567692146,0.249800693217446,0.995057336518698,0.0463598258698064,0.048129026799181,1.11022302462516e-15,1.33226762955019e-15,5.55111512312578e-16,5.36680075380325e-17,0,6.93889390390723e-18,1.82170507918784e-15,5.7726324456849e-05,4.8251366458378e-05,1.25579919417581e-05,0.000506886352605995,0.000419296783021694,4.5394200582361e-05
0.037,0.0942655689335562,0.000488258031029726,-0.488258031029777,-2.86845267724423,-1.94617145281553,0.271311286778372,0.994688278877798,0.0488200192834963,0.0506295089002569,1.11022302462516e-15,1.33226762955019e-15,5.55111512312578e-16,5.86553375314658e-17,0,1.04083408558608e-17,1.82187534547163e-15,5.20076600758991e-05,4.50325873319785e-05,1.07194128172286e-05,0.000505974049511868,0.000432409806398636,4.72828634678879e-05
0.038,0.0937773109025265,0.000500317347775933,-0.500317347776171,-2.72338374038115,-1.93049077502524,0.292282001624451,0.994346016229718,0.0512092259783666,0.0530439657760407,1.11022302462516e-15,1.4432899320127e-15,5.55111512312578e-16,5.91974386177085e-17,-3.46944695195361e-18,1.38777878078145e-17,1.9046098682288e-15,4.58138733251199e-05,4.10391919383208e-05,8.9769486836343e-06,0.000500236051170232,0.000442514727710908,4.85658807397534e-05
0.039,0.0932769935547505,0.00035889561386282,-0.358895613862742,-2.56190029140027,-1.89583238697551,0.311966307260215,0.994037779166276,0.0535103820404145,0.0553560913993787,1.11022302462516e-15,1.4432899320127e-15,5.55111512312578e-16,5.68121938382404e-17,0,1.38777878078145e-17,1.9045340642063e-15,3.93234758407409e-05,3.64727890041453e-05,7.49241181799019e-06,0.00048965496269545,0.000448949887962329,4.9178351690398e-05
0.04,0.0929180979408877,0.000413050623725458,-0.413050623725399,-2.39033361783043,-1.83960983880422,0.329616478487844,0.993769663478241,0.0557081243993501,0.0575518664497233,1.11022302462516e-15,1.4432899320127e-15,6.66133814775094e-16,5.22585447138013e-17,-3.46944695195361e-18,1.38777878078145e-17,1.9396780240535e-15,3.33234394563324e-05,3.19717572975558e-05,6.31400343661236e-06,0.000474822705275597,0.000451265488028099,4.90939041350161e-05
0.041,0.0925050473171622,0.000270822864885084,-0.270822864885089,-2.20850070420352,-1.76917242761773,0.344471774891063,0.993546272932487,0.0577891976055043,0.059619915813385,1.11022302462516e-15,1.33226762955019e-15,5.55111512312578e-16,4.64038529823796e-17,0,1.38777878078145e-17,1.82154519648103e-15,2.73101381087429e-05,2.7004875822299e-05,5.24685167361939e-06,0.000455393964984473,0.000449517351453036,4.83216785952002e-05
0.042,0.0922342244522772,0.000186320148681113,-0.186320148681154,-2.02672612048715,-1.68264574495264,0.355903159378816,0.993370224667769,0.0597437584506249,0.0615525165271604,1.11022302462516e-15,1.33226762955019e-15,5.55111512312578e-16,4.57533316788883e-17,-3.46944695195361e-18,1.04083408558608e-17,1.82150891577239e-15,2.21289663813693e-05,2.23753093877383e-05,4.4863188798505e-06,0.000431881130506416,0.000442818260466073,4.69002076979014e-05
0.043,0.0920479043035961,0.000151684774202118,-0.151684774202066,-1.84822300749089,-1.58569669797312,0.363425021520927,0.993241900661474,0.0615659454111851,0.0633461782870017,1.11022302462516e-15,1.33226762955019e-15,5.55111512312578e-16,4.85722573273506e-17,0,1.38777878078145e-17,1.82160172634783e-15,1.75881365479619e-05,1.81572983400075e-05,4.00549622421335e-06,0.000404267466495096,0.000430683377243883,4.48935151345437e-05
0.044,0.0918962195293939,4.71583446204071e-05,-0.0471583446203707,-1.67605474319406,-1.48408465924679,0.366690321056634,0.993159540814794,0.0632537169949988,0.0650012269896075,1.11022302462516e-15,1.33226762955019e-15,5.55111512312578e-16,4.59701721133854e-17,0,2.08166817117217e-17,1.82160028085711e-15,1.38577390592384e-05,1.40883648152971e-05,3.79963754924776e-06,0.00037228138788676,0.00041283156718566,4.23853910982248e-05
0.045,0.0918490611847735,1.95724909801132e-05,-0.0195724909800572,-1.51723595096294,-1.3781943064262,0.365462475776101,0.993119376161738,0.0648089051639564,0.066521526330793,1.11022302462516e-15,1.22124532708767e-15,5.55111512312578e-16,4.46691295064028e-17,6.93889390390723e-18,2.08166817117217e-17,1.74202781782043e-15,1.09767473808246e-05,1.10808886795753e-05,3.92715937757647e-06,0.000337159609648374,0.000388926159947529,3.94760605276899e-05
0.046,0.0918294886937934,2.30663608792592e-06,0.00230663608785377,-1.37173587504597,-1.27481293554373,0.359599183344576,0.99311592633251,0.066236704996128,0.0679139976179413,9.99200722162641e-16,1.33226762955019e-15,5.55111512312578e-16,4.59701721133854e-17,0,2.77555756156289e-17,1.75623789382915e-15,8.87668469393283e-06,8.52334249769716e-06,4.28012404462298e-06,0.000299364142025502,0.000359863391684368,3.62801479878175e-05
0.047,0.0918317953298813,1.95950974269665e-05,0.019595097426905,-1.24252573556329,-1.17668498280146,0.349088158109799,0.993142357667312,0.0675454213420928,0.069188027077941,9.99200722162641e-16,1.33226762955019e-15,5.55111512312578e-16,4.55364912443912e-17,0,1.38777878078145e-17,1.75606209344911e-15,7.28512814027885e-06,6.69929746680601e-06,4.74517926699049e-06,0.0002596802416693,0.000325538350195899,3.29428025739065e-05
0.048,0.0918513904273083,8.43484206439205e-06,0.00843484206434302,-1.13305152073362,-1.08487651785459,0.334058429358283,0.993190879333251,0.0687461658872699,0.0703550686136065,1.11022302462516e-15,1.33226762955019e-15,5.55111512312578e-16,4.59701721133854e-17,6.93889390390723e-18,2.08166817117217e-17,1.82161349672956e-15,6.04499614546536e-06,5.48224144032282e-06,5.19817126755948e-06,0.000219448515012002,0.000286434049558702,2.96707277020467e-05
0.049,0.0918598252693727,1.69334716576541e-06,0.00169334716580194,-1.04264744095034,-1.00622800850634,0.314780690424866,0.993253030326034,0.0698529394648161,0.0714288478235577,9.99200722162641e-16,1.33226762955019e-15,5.55111512312578e-16,4.55364912443912e-17,6.93889390390723e-18,2.08166817117217e-17,1.75614434644209e-15,5.07672484205705e-06,4.53472111449086e-06,5.57057749383767e-06,0.000180502635824765,0.000243930900003798,2.67748666197532e-05
0.05,0.0918615186165385,1.38777878078145e-16,0,-0.974359374497942,-0.939457773658749,0.291717060939485,0.993320159260889,0.0708821359780036,0.0724246909167232,9.99200722162641e-16,1.33226762955019e-15,5.55111512312578e-16,4.64038529823796e-17,0,1.38777878078145e-17,1.75608479908734e-15,4.35679808803665e-06,3.97310160731314e-06,5.71889608230801e-06,0.000147284809377539,0.00019991033417254,2.47092758615532e-05
0.051,0.0918615186165383,1.94289029309402e-16,0,-0.925776407147869,-0.885312662917053,0.265364942710273,0.993384146086286,0.0718507352248247,0.0733576495695189,9.99200722162641e-16,1.33226762955019e-15,6.66133814775094e-16,4.68375338513738e-17,1.38777878078145e-17,2.77555756156289e-17,1.79449995783057e-15,4.04561628176095e-06,3.95781458293807e-06,5.57728455226492e-06,0.000128056463256744,0.00015956135745893,2.40517156501763e-05
0.052,0.0918615186165381,2.77555756156289e-17,0,-0.889998303393504,-0.842312919964716,0.236268276493752,0.993438156242849,0.0727744326212427,0.0742392683975351,9.99200722162641e-16,1.22124532708767e-15,6.66133814775094e-16,4.68375338513738e-17,2.08166817117217e-17,3.46944695195361e-17,1.71388660252674e-15,4.42696601220585e-06,4.54068618017225e-06,5.27346995760146e-06,0.000132502996982857,0.000134568090813615,2.53248230678156e-05
0.053,0.0918615186165382,5.55111512312578e-17,0,-0.869481729017013,-0.808200514083966,0.204961864152281,0.99347658056393,0.0736673340745604,0.0750789031558633,9.99200722162641e-16,1.22124532708767e-15,6.66133814775094e-16,4.59701721133854e-17,1.38777878078145e-17,2.77555756156289e-17,1.71366645324782e-15,5.66071840416598e-06,6.01801080234904e-06,4.6600253332224e-06,0.000161556868067411,0.000139732002478957,2.87244515320119e-05
0.054,0.0918615186165382,1.38777878078145e-17,0,-0.865093269461232,-0.785691063374372,0.172179947117101,0.993494456389683,0.0745443362240219,0.0758873012573476,9.99200722162641e-16,1.22124532708767e-15,5.55111512312578e-16,4.68375338513738e-17,1.38777878078145e-17,2.77555756156289e-17,1.67366297167478e-15,7.92502879881907e-06,8.24190672304519e-06,3.78656646701409e-06,0.000206098901751541,0.000175811294484403,3.40765150952446e-05
0.055,0.0918615186165382,5.55111512312578e-17,0,-0.875995280257825,-0.777804302599901,0.13868055016775,0.9934874918649,0.0754216812431752,0.0766768862009502,1.11022302462516e-15,1.33226762955019e-15,5.55111512312578e-16,4.68375338513738e-17,1.38777878078145e-17,2.08166817117217e-17,1.82167523836338e-15,1.08541355394446e-05,1.15222043114717e-05,2.87172868584074e-06,0.000258128105006109,0.000229761828103964,4.10419379104265e-05
0.056,0.0918615186165381,9.71445146547012e-17,0,-0.90336988474309,-0.780941298967861,0.105326690651937,0.993452416681032,0.0763151389519999,0.0774607584237106,1.11022302462516e-15,1.22124532708767e-15,5.55111512312578e-16,4.59701721133854e-17,1.38777878078145e-17,2.08166817117217e-17,1.74210312220584e-15,1.50505218640514e-05,1.53395348478451e-05,1.73676042472044e-06,0.000313552131873555,0.000290987760289408,4.92729228818734e-05
0.057,0.0918615186165382,1.38777878078145e-16,0,-0.944042660997707,-0.798568538803292,0.0728203239703318,0.993387051621678,0.0772394710981095,0.0782521603400225,8.88178419700125e-16,1.22124532708767e-15,5.55111512312578e-16,4.59701721133854e-17,6.93889390390723e-18,2.77555756156289e-17,1.6097768858469e-15,1.984829567745e-05,2.02150605529217e-05,1.01749931590199e-06,0.000369525730108796,0.000354529726907494,5.843973693766e-05
0.058,0.0918615186165381,1.38777878078145e-16,0,-0.99827067934876,-0.830578307797266,0.0418581977168294,0.99329007821973,0.0782089223620683,0.079065063490843,8.88178419700125e-16,1.22124532708767e-15,4.44089209850063e-16,4.59701721133854e-17,6.93889390390723e-18,2.77555756156289e-17,1.57494382674756e-15,2.54069372253101e-05,2.58168937951565e-05,1.34696028852716e-06,0.000424205418046834,0.000417147775888982,6.82144182349023e-05
0.059,0.091861518616538,8.32667268468867e-17,0,-1.06478134668994,-0.873724615108301,0.0129271054846277,0.993161057080411,0.0792360885163089,0.079913195671693,9.99200722162641e-16,1.22124532708767e-15,5.55111512312578e-16,4.68375338513738e-17,0,2.08166817117217e-17,1.67350473916883e-15,3.18852145812308e-05,3.16129796807173e-05,2.40440258852577e-06,0.000476044722776433,0.000475907782314632,7.82572130866607e-05
0.06,0.091861518616538,1.38777878078145e-16,0,-1.13971189360578,-0.932590607813861,-0.0133713227480583,0.993000339986058,0.0803317789883894,0.0808100436612678,9.99200722162641e-16,1.22124532708767e-15,5.55111512312578e-16,4.59701721133854e-17,1.38777878078145e-17,2.77555756156289e-17,1.67363892309605e-15,3.82120251012867e-05,3.82487700489807e-05,2.74673314355282e-06,0.00052270797607235,0.000528573739005177,8.82435670327584e-05
0.061,0.0918615186165382,1.38777878078145e-17,0,-1.2257392243715,-1.00424458699172,-0.0363299842875015,0.992808916975129,0.0815063666967709,0.081769750671259,9.99200722162641e-16,1.22124532708767e-15,4.44089209850063e-16,4.59701721133854e-17,1.38777878078145e-17,1.38777878078145e-17,1.63998655516504e-15,4.49694611841656e-05,4.45997543555062e-05,2.88957482609907e-06,0.000563628831494834,0.000573557672250392,9.78690858533811e-05
0.062,0.0918615186165382,3.46944695195361e-16,0,-1.32128820619959,-1.09037532241451,-0.055409762247415,0.992588305664505,0.0827696448114801,0.0828071921419942,9.99200722162641e-16,1.22124532708767e-15,5.55111512312578e-16,4.59701721133854e-17,1.38777878078145e-17,1.38777878078145e-17,1.67346630259435e-15,5.15919873709588e-05,5.07246182325014e-05,2.72900384599207e-06,0.000598692222479903,0.00061169246817292,0.0001068633685324
0.063,0.0918615186165385,1.38777878078145e-17,0,-1.42464785873965,-1.19489230217005,-0.0704882084920919,0.992340114608477,0.0841312959783834,0.0839380991648259,9.99200722162641e-16,1.11022302462516e-15,5.55111512312578e-16,4.59701721133854e-17,1.38777878078145e-17,1.38777878078145e-17,1.59425358127029e-15,5.73741981187331e-05,5.69249598585404e-05,2.10379042576169e-06,0.000627431511151857,0.000643641152628534,0.000115038346725094
0.064,0.0918615186165385,8.32667268468867e-17,0,-1.54029893284402,-1.31249471717964,-0.0815209256183977,0.992065654280684,0.0856012036309732,0.0851787772883781,9.99200722162641e-16,1.22124532708767e-15,4.44089209850063e-16,4.68375338513738e-17,6.93889390390723e-18,1.38777878078145e-17,1.63996705888545e-15,6.31560784863643e-05,6.19807235681279e-05,1.76261051375541e-06,0.000650486131977004,0.000668836087934176,0.00012225900836942
0.065,0.0918615186165384,9.71445146547012e-17,0,-1.66264810941577,-1.44732388073751,-0.0887142579269636,0.991765764993573,0.0871885473353043,0.0865449861439495,1.11022302462516e-15,1.22124532708767e-15,5.55111512312578e-16,4.68375338513738e-17,2.08166817117217e-17,1.38777878078145e-17,1.74212622569447e-15,6.79307133149172e-05,6.66247334079894e-05,1.42815396419101e-06,0.000667045825747558,0.000688386824377503,0.000128418558669352
0.066,0.0918615186165385,4.16333634234434e-17,0,-1.79181698456195,-1.59500099963803,-0.0924138853889445,0.991440628254179,0.0889011530834758,0.0880505605698726,1.11022302462516e-15,1.22124532708767e-15,4.44089209850063e-16,4.68375338513738e-17,2.08166817117217e-17,1.38777878078145e-17,1.70999129280115e-15,7.16515189742247e-05,7.06659589530337e-05,1.34654693841807e-06,0.000677405668342505,0.000702270655574561,0.000133441235430215
0.067,0.0918615186165385,1.66533453693773e-16,0,-1.93056017060723,-1.75168363173908,-0.0931947099024243,0.99108940744655,0.0907460723154972,0.0897075477330694,1.11022302462516e-15,1.11022302462516e-15,5.55111512312578e-16,4.77048955893622e-17,2.08166817117217e-17,2.08166817117217e-17,1.66627775159359e-15,7.5172756644344e-05,7.30643880691115e-05,1.56733367748909e-06,0.000682068431990504,0.000710069780878063,0.000137283625053868
0.068,0.0918615186165383,1.2490009027033e-16,0,-2.07342101211828,-1.92564356973195,-0.0915025545973767,0.990709792365006,0.0927304083596686,0.091528410507493,1.11022302462516e-15,1.11022302462516e-15,5.55111512312578e-16,4.77048955893622e-17,2.08166817117217e-17,2.77555756156289e-17,1.66637888344639e-15,7.6915341640608e-05,7.53604181196892e-05,1.84668932862597e-06,0.000680082230446289,0.000712724849387486,0.000139941704996634
0.069,0.0918615186165382,1.94289029309402e-16,0,-2.22459500865199,-2.10950283385622,-0.0877379743270265,0.990297874233555,0.09486074562328,0.0935256279321769,9.99200722162641e-16,1.22124532708767e-15,5.55111512312578e-16,4.68375338513738e-17,2.77555756156289e-17,2.77555756156289e-17,1.67383557189425e-15,7.82711210747423e-05,7.6123428231828e-05,2.43401512520147e-06,0.000672703921918491,0.000709691451128588,0.000141440130087135
0.07,0.091861518616538,1.52655665885959e-16,0,-2.37838763193823,-2.29585152759203,-0.0823548212806595,0.989848544588681,0.0971405796061627,0.095706531362558,1.11022302462516e-15,1.11022302462516e-15,5.55111512312578e-16,4.68375338513738e-17,2.08166817117217e-17,3.46944695195361e-17,1.6664842978401e-15,7.8678026877524e-05,7.59815110425127e-05,3.42630785536277e-06,0.000660223551513125,0.000701707676652514,0.000141827965244108
0.071,0.0918615186165379,5.55111512312578e-17,0,-2.52263069241498,-2.4804081522604,-0.0761639866785089,0.989356048085605,0.0995674108110609,0.0980692481162721,1.11022302462516e-15,1.11022302462516e-15,5.55111512312578e-16,4.68375338513738e-17,2.77555756156289e-17,2.77555756156289e-17,1.66645540547907e-15,7.78005988958457e-05,7.5435587113282e-05,4.39713138424977e-06,0.000642485647404535,0.000689366695413239,0.000141185920183343
0.072,0.0918615186165379,1.2490009027033e-16,0,-2.66284716182767,-2.64774735952523,-0.0700438049520249,0.988814157005254,0.10213318880005,0.100604037205335,9.99200722162641e-16,1.11022302462516e-15,5.55111512312578e-16,4.68375338513738e-17,1.38777878078145e-17,1.38777878078145e-17,1.59427882732171e-15,7.66614049472167e-05,7.35245554351185e-05,6.05787220150334e-06,0.000620963027674393,0.000672058727289137,0.000139591149315419
0.073,0.091861518616538,0,0,-2.78763219444217,-2.80208799723417,-0.0649547208955695,0.988216237177114,0.104826235120442,0.103295964682239,9.99200722162641e-16,1.11022302462516e-15,6.66133814775094e-16,4.85722573273506e-17,2.77555756156289e-17,1.38777878078145e-17,1.6364760114096e-15,7.44999481184479e-05,7.12229295083271e-05,7.45113911666728e-06,0.000595220404405483,0.000650818425037796,0.000137128856590992
0.074,0.091861518616538,1.38777878078145e-16,0,-2.89515569393529,-2.93583331366793,-0.0615921821349367,0.987555881535956,0.107631273323206,0.106125066566854,9.99200722162641e-16,1.11022302462516e-15,6.66133814775094e-16,4.68375338513738e-17,2.77555756156289e-17,2.77555756156289e-17,1.63660196911093e-15,7.1500416788562e-05,6.85290159094616e-05,8.76701371024419e-06,0.000565723038369876,0.000625046695119988,0.000133905321890757
0.075,0.0918615186165382,2.4980018054066e-16,0,-2.99007186909484,-3.04125437907761,-0.0604848980555167,0.986827534897379,0.110530137172556,0.109067791951857,1.11022302462516e-15,1.11022302462516e-15,6.66133814775094e-16,4.68375338513738e-17,4.16333634234434e-17,1.38777878078145e-17,1.70676426975847e-15,6.84971034199229e-05,6.47268722719984e-05,1.01799266734453e-05,0.000533338240767736,0.000594942618923582,0.00013000975947076
0.076,0.0918615186165384,0,0,-3.05944576758728,-3.12946200251031,-0.0618903562724182,0.986026765448697,0.113503110505357,0.112099593262279,1.11022302462516e-15,1.11022302462516e-15,5.55111512312578e-16,4.68375338513738e-17,2.77555756156289e-17,1.38777878078145e-17,1.66628204079234e-15,6.43793842870199e-05,6.12498861653852e-05,1.0914248143843e-05,0.000498401146038882,0.000561764147798726,0.000125526518796949
0.077,0.0918615186165384,2.77555756156289e-17,0,-3.11248013576858,-3.18887426233396,-0.0660229159749378,0.985150697108672,0.116529211902528,0.115195051541774,1.11022302462516e-15,1.11022302462516e-15,6.66133814775094e-16,4.68375338513738e-17,4.16333634234434e-17,0,1.7067078483237e-15,6.02673750380145e-05,5.70278511033068e-05,1.16410897701446e-05,0.000462220420993092,0.000526245097130227,0.000120532471857535
0.078,0.0918615186165385,4.44089209850063e-16,0,-3.14475847646476,-3.2228210553258,-0.0728136481978796,0.984198416761643,0.119586213519009,0.118328308692115,1.11022302462516e-15,1.11022302462516e-15,6.66133814775094e-16,4.5102810375397e-17,4.16333634234434e-17,1.38777878078145e-17,1.70671754589054e-15,5.58261946704269e-05,5.25736507993865e-05,1.22294440702032e-05,0.000425273751351278,0.000488311779106127,0.000115142492894835
0.079,0.0918615186165389,2.77555756156289e-17,0,-3.14831783208516,-3.23704026701698,-0.0817717633534266,0.983171529069252,0.122650510406617,0.121473693780958,1.11022302462516e-15,1.11022302462516e-15,6.66133814775094e-16,4.33680868994202e-17,4.16333634234434e-17,1.38777878078145e-17,1.70667258397977e-15,5.09105970220887e-05,4.83858421348315e-05,1.17654910279752e-05,0.000387348959680234,0.000447553732611998,0.0001095312573148
0.08,0.0918615186165389,1.38777878078145e-16,0,-3.13510432862069,-3.2205175970893,-0.0919770417192662,0.982074613100236,0.125698093157481,0.124605876987102,1.11022302462516e-15,1.11022302462516e-15,7.7715611723761e-16,4.68375338513738e-17,5.55111512312578e-17,2.77555756156289e-17,1.75362697682305e-15,4.62539851159561e-05,4.37730191853477e-05,1.14384580640378e-05,0.000349584926525672,0.000404020684472745,0.000103934190155853
0.081,0.0918615186165391,4.16333634234434e-17,0,-3.09470087465022,-3.18509088419482,-0.102512157874895,0.980915165594938,0.128705344977349,0.127701163101493,1.11022302462516e-15,1.11022302462516e-15,7.7715611723761e-16,4.5102810375397e-17,5.55111512312578e-17,1.38777878078145e-17,1.75341675131291e-15,4.15728396521305e-05,3.95566944528708e-05,1.02668503199906e-05,0.000313366276859062,0.000359311064936182,9.86768018278884e-05
0.082,0.091861518616539,4.16333634234434e-17,0,-3.03114814919453,-3.1313303889795,-0.11235654434914,0.979703154089465,0.131649826796256,0.130738781214359,1.22124532708767e-15,1.11022302462516e-15,7.7715611723761e-16,4.68375338513738e-17,5.55111512312578e-17,2.77555756156289e-17,1.82593881561437e-15,3.7175618697524e-05,3.58428765855048e-05,8.71810732093396e-06,0.000280767754965687,0.000316057107557535,9.41669285063234e-05
0.083,0.091861518616539,5.27355936696949e-16,0,-2.95408427878213,-3.05604094699075,-0.120456700381879,0.978450305281299,0.134511941902529,0.133701497786239,1.11022302462516e-15,1.11022302462516e-15,7.7715611723761e-16,4.85722573273506e-17,4.16333634234434e-17,2.77555756156289e-17,1.75328974573089e-15,3.36551510087085e-05,3.25088394208891e-05,7.22430573484108e-06,0.000255252199996633,0.000277389101913471,9.08415984611068e-05
0.084,0.0918615186165385,1.66533453693773e-16,0,-2.85149211439099,-2.97095538750588,-0.125789191035928,0.977170093024343,0.137273871613858,0.136574535002115,1.11022302462516e-15,1.11022302462516e-15,7.7715611723761e-16,5.03069808033274e-17,4.16333634234434e-17,2.77555756156289e-17,1.75333866113217e-15,3.09549548230387e-05,3.03015670412636e-05,5.3272967020397e-06,0.000239329877139829,0.000249651949158259,8.90767957640302e-05
0.085,0.0918615186165386,2.77555756156289e-17,0,-2.73356975263161,-2.86436088980665,-0.127787678661947,0.975878108076311,0.139918539493114,0.139342698546752,1.22124532708767e-15,1.11022302462516e-15,7.7715611723761e-16,5.03069808033274e-17,4.16333634234434e-17,2.77555756156289e-17,1.8256619197284e-15,2.94586316253663e-05,2.92154667185571e-05,3.81657692761047e-06,0.000236126367523213,0.000237333390777545,8.91053232848881e-05
0.086,0.0918615186165386,3.33066907387547e-16,0,-2.60098863067943,-2.7409682148576,-0.125955463365713,0.974591187426527,0.142431069593651,0.141991435529189,1.11022302462516e-15,1.11022302462516e-15,7.7715611723761e-16,5.03069808033274e-17,4.16333634234434e-17,2.77555756156289e-17,1.75333866113217e-15,2.94812894857647e-05,2.92110830824267e-05,3.02294035105583e-06,0.000245328916632009,0.000243003297882777,9.09452227271102e-05
0.087,0.0918615186165383,4.71844785465692e-16,0,-2.45202728895911,-2.6129333417152,-0.119863383002218,0.973325628702319,0.14480050499646,0.144510994433281,1.11022302462516e-15,1.11022302462516e-15,6.66133814775094e-16,5.3776427755281e-17,6.93889390390723e-17,4.16333634234434e-17,1.70832217511672e-15,3.0613418821568e-05,3.05853100458113e-05,2.80486637269173e-06,0.000264151356764744,0.000264233065797205,9.43893035819362e-05
0.088,0.0918615186165378,2.77555756156289e-16,0,-2.30190646353115,-2.47506526843182,-0.108978962714184,0.972096105646191,0.147020628843922,0.14689721586841,1.11022302462516e-15,9.99200722162641e-16,7.7715611723761e-16,5.20417042793042e-17,4.16333634234434e-17,5.55111512312578e-17,1.68596916993855e-15,3.29887537260227e-05,3.26912226512412e-05,3.43197658602946e-06,0.000289699558906981,0.000294194110541765,9.90624331909197e-05
0.089,0.0918615186165375,5.55111512312578e-17,0,-2.14368714070747,-2.33500461579897,-0.093022918663944,0.970916164503744,0.149088500413655,0.149148167364708,1.11022302462516e-15,9.99200722162641e-16,7.7715611723761e-16,5.3776427755281e-17,5.55111512312578e-17,5.55111512312578e-17,1.68642336266495e-15,3.58052755016956e-05,3.57162254852589e-05,3.94506009121569e-06,0.000317529481409719,0.000328007380415778,0.000104508264736493
0.09,0.0918615186165375,1.38777878078145e-16,0,-1.97916884302288,-2.18908335994604,-0.0720108182841614,0.969799165507678,0.151001892735079,0.151261086262477,1.11022302462516e-15,1.11022302462516e-15,6.66133814775094e-16,5.55111512312578e-17,4.16333634234434e-17,4.16333634234434e-17,1.70747554881861e-15,3.94050012350835e-05,3.86379326455494e-05,4.42546075571829e-06,0.000344945475251783,0.000360976304000962,0.00011026717772325
0.091,0.0918615186165376,8.32667268468867e-17,0,-1.81335441679566,-2.03277945591662,-0.0463972424008432,0.968758142122458,0.152758639074536,0.153232262025803,1.11022302462516e-15,1.11022302462516e-15,6.66133814775094e-16,5.3776427755281e-17,4.16333634234434e-17,4.16333634234434e-17,1.70742003211995e-15,4.2511478343161e-05,4.21714885071972e-05,4.56927798893869e-06,0.000370136476302175,0.000389766405757108,0.000115918561593229
0.092,0.0918615186165377,5.55111512312578e-17,0,-1.63793887573701,-1.86894382278349,-0.0168241762165046,0.967805893020609,0.154356556813756,0.155055661431123,1.11022302462516e-15,1.22124532708767e-15,7.7715611723761e-16,5.3776427755281e-17,4.16333634234434e-17,5.55111512312578e-17,1.8263936248641e-15,4.5940532089408e-05,4.49207011609647e-05,4.84374183065628e-06,0.000390697309179745,0.000413545168093797,0.000121101370218084
0.093,0.0918615186165376,5.55111512312578e-17,0,-1.45663883517211,-1.68915837511841,0.0157496837183918,0.966955539042637,0.155791894531214,0.156721798720967,1.11022302462516e-15,1.22124532708767e-15,7.7715611723761e-16,5.3776427755281e-17,5.55111512312578e-17,5.55111512312578e-17,1.82676266217188e-15,4.85714509311071e-05,4.75956823710001e-05,5.10644962689242e-06,0.000406659834443903,0.000431379334692429,0.000125526962367801
0.094,0.0918615186165377,1.94289029309402e-16,0,-1.26854553923547,-1.4939574110252,0.050391725438871,0.966219915725696,0.157059842829126,0.15821918076731,1.11022302462516e-15,1.22124532708767e-15,7.7715611723761e-16,5.20417042793042e-17,5.55111512312578e-17,4.16333634234434e-17,1.82634337071275e-15,5.06172319525608e-05,4.96547750850049e-05,5.43459914986544e-06,0.000417678608055949,0.000443448118875732,0.000128997594856759
0.095,0.0918615186165379,1.38777878078145e-16,0,-1.07179180672233,-1.28662972540122,0.0860441745181162,0.965610511031491,0.158156164553191,0.159535902587044,1.11022302462516e-15,1.11022302462516e-15,6.66133814775094e-16,5.20417042793042e-17,5.55111512312578e-17,5.55111512312578e-17,1.70815570215622e-15,5.22195994946095e-05,5.07465707331765e-05,6.39304044728165e-06,0.000422386603655499,0.000450087650870399,0.000131412426742808
0.096,0.091861518616538,0,0,-0.872105115982316,-1.06509385806843,0.121671899463062,0.965136825944872,0.159077106183081,0.160660953252406,1.22124532708767e-15,1.22124532708767e-15,7.7715611723761e-16,5.20417042793042e-17,5.55111512312578e-17,5.55111512312578e-17,1.89623923681405e-15,5.27309644723609e-05,5.15707248600744e-05,6.9058827755745e-06,0.000421738554646131,0.000449851165368388,0.000132748916562045
0.097,0.091861518616538,8.32667268468867e-17,0,-0.66775317180133,-0.834478448389686,0.156171966220108,0.964805873382755,0.159819648494203,0.161584737459433,1.22124532708767e-15,1.22124532708767e-15,7.7715611723761e-16,4.85722573273506e-17,5.55111512312578e-17,4.16333634234434e-17,1.895791659827e-15,5.28622006043967e-05,5.13905319276305e-05,7.71537395311181e-06,0.000415023044711123,0.000444282772866171,0.000133035310363928
0.098,0.0918615186165379,1.38777878078145e-17,0,-0.460970274374705,-0.597489966383426,0.188625927560152,0.964621774689293,0.160381704201324,0.162299653885915,1.11022302462516e-15,1.11022302462516e-15,7.7715611723761e-16,5.20417042793042e-17,4.16333634234434e-17,4.16333634234434e-17,1.75366387094554e-15,5.22400071789474e-05,5.07050662147929e-05,8.50711966926357e-06,0.000403054285475097,0.00043397961612851,0.000132340653470887
0.099,0.0918615186165379,6.93889390390723e-17,0,-0.253475638859632,-0.353956417693254,0.218130378541045,0.964586069245985,0.160761361120195,0.162799502657951,1.11022302462516e-15,1.11022302462516e-15,7.7715611723761e-16,4.85722573273506e-17,5.55111512312578e-17,4.16333634234434e-17,1.75394870176364e-15,5.10179785587254e-05,4.95743057624058e-05,8.72727904261067e-06,0.000387621653922915,0.000419172867312977,0.000130773390668074
0.1,0.0918615186165379,1.11022302462516e-16,0,-0.0454133298165774,-0.109142163208129,0.243989918809151,0.964697566309397,0.160957133413636,0.163079710930166,1.11022302462516e-15,1.22124532708767e-15,7.7715611723761e-16,5.55111512312578e-17,4.16333634234434e-17,4.16333634234434e-17,1.82607642384213e-15,4.93853414142816e-05,4.79277996809507e-05,9.28282775301305e-06,0.000368551898299193,0.000401996431898625,0.000128489447735471
0.101,0.091861518616538,9.71445146547012e-17,-0,0.157935933049878,0.130281078491321,0.265608544971835,0.96495100338572,0.160969733674608,0.163140449094702,9.99200722162641e-16,1.11022302462516e-15,7.7715611723761e-16,5.20417042793042e-17,6.93889390390723e-17,4.16333634234434e-17,1.68648313923775e-15,4.75444366535265e-05,4.59820066431998e-05,9.49990631336098e-06,0.000348214051327278,0.000382568425808664,0.000125700707818795
0.102,0.0918615186165379,9.71445146547012e-17,-0,0.353659540657081,0.357919947125135,0.282691892151118,0.965336777746474,0.160802823511522,0.162987722380064,1.11022302462516e-15,1.11022302462516e-15,8.88178419700125e-16,4.85722573273506e-17,6.93889390390723e-17,4.16333634234434e-17,1.80636614783091e-15,4.53400811078219e-05,4.43299715040656e-05,9.60591710362338e-06,0.000327496041175565,0.00036165722049672,0.000122682369733717
0.103,0.0918615186165378,8.32667268468867e-17,-0,0.538810038888228,0.571757688670271,0.294954848127914,0.965842158091607,0.160462204494929,0.16263137133127,1.11022302462516e-15,1.11022302462516e-15,7.7715611723761e-16,5.20417042793042e-17,8.32667268468867e-17,4.16333634234434e-17,1.75514585807264e-15,4.36921335500045e-05,4.24729423962698e-05,1.02492865051311e-05,0.000306966686098759,0.000340072236812052,0.000119762689059625
0.104,0.0918615186165377,2.77555756156289e-17,-0,0.715459648256282,0.77199198071422,0.302315277825102,0.966453134478856,0.159954271678657,0.162081504914755,1.11022302462516e-15,1.22124532708767e-15,7.7715611723761e-16,4.85722573273506e-17,5.55111512312578e-17,2.77555756156289e-17,1.82598413683465e-15,4.21539547956121e-05,4.15642916426938e-05,1.06445022944619e-05,0.000289178004822782,0.000318073968673831,0.000117294879098657
0.105,0.0918615186165377,2.77555756156289e-17,-0,0.880527450161974,0.958444770878374,0.304782154026145,0.967154955539531,0.159285855927345,0.161348085657708,1.11022302462516e-15,1.11022302462516e-15,7.7715611723761e-16,4.85722573273506e-17,6.93889390390723e-17,4.16333634234434e-17,1.7544427563669e-15,4.15234555860432e-05,4.118229624428e-05,1.13980612099646e-05,0.00027566961296973,0.000298078454105835,0.000115623016870652
0.106,0.0918615186165376,9.71445146547012e-17,-0,1.02945854133375,1.12587585614815,0.302635089322119,0.967930984847652,0.158466600532227,0.16044442657991,1.11022302462516e-15,1.11022302462516e-15,6.66133814775094e-16,5.20417042793042e-17,6.93889390390723e-17,4.16333634234434e-17,1.70826844752155e-15,4.1727705604634e-05,4.18147526241326e-05,1.23634099074667e-05,0.000268736527552576,0.000282493960336091,0.000115044774884682
0.107,0.0918615186165375,8.32667268468867e-17,-0,1.16223487843238,1.26842478915178,0.296185908253653,0.968762848965378,0.157509713792576,0.15938817154184,1.11022302462516e-15,1.22124532708767e-15,7.7715611723761e-16,5.20417042793042e-17,5.55111512312578e-17,4.16333634234434e-17,1.82634337071275e-15,4.30410640007898e-05,4.35594701626697e-05,1.27694293731651e-05,0.000270861351244492,0.00027309440952617,0.00011577975047852
0.108,0.0918615186165374,2.63677968348475e-16,-0,1.27084856703121,1.38823968243746,0.286029204666304,0.969631562859375,0.156431789953023,0.158199820885492,1.11022302462516e-15,1.22124532708767e-15,7.7715611723761e-16,5.20417042793042e-17,4.16333634234434e-17,2.77555756156289e-17,1.82571054436708e-15,4.54152234561288e-05,4.64088809798417e-05,1.34696736488187e-05,0.000281792324071061,0.000273099585415552,0.000117955304680228
0.109,0.0918615186165377,3.33066907387547e-16,-0,1.35636315778761,1.47830284995932,0.27272398950004,0.970518083189091,0.155252770389495,0.156903119121155,1.11022302462516e-15,1.22124532708767e-15,7.7715611723761e-16,4.85722573273506e-17,4.16333634234434e-17,4.16333634234434e-17,1.82587866025728e-15,4.9028559205143e-05,5.03765424648687e-05,1.3451827175965e-05,0.000301898545719396,0.000283142534310311,0.000121607567208695
0.11,0.091861518616538,1.11022302462516e-16,-0,1.41725456851274,1.53763893502139,0.256777910671325,0.971404059245351,0.153995065310181,0.155524677031175,9.99200722162641e-16,1.33226762955019e-15,7.7715611723761e-16,4.85722573273506e-17,4.16333634234434e-17,5.55111512312578e-17,1.83969694230335e-15,5.38801264135216e-05,5.5396389151906e-05,1.27512775876228e-05,0.000330054277052345,0.000303799130782418,0.000126690769220245
0.111,0.0918615186165379,4.71844785465692e-16,-0,1.44904305547249,1.57303750994645,0.238458783585462,0.972273006270069,0.152682559200092,0.154090749351664,9.99200722162641e-16,1.22124532708767e-15,7.7715611723761e-16,5.20417042793042e-17,4.16333634234434e-17,6.93889390390723e-17,1.76155339500648e-15,5.9676007979116e-05,6.16008848191326e-05,1.17912194206939e-05,0.000364103786796817,0.000334780432445412,0.000133099550191866
0.112,0.0918615186165384,1.66533453693773e-16,-0,1.46208301321772,1.58196118900241,0.218249854465898,0.973111386372035,0.15133796087226,0.152625109968927,9.99200722162641e-16,1.33226762955019e-15,6.66133814775094e-16,5.20417042793042e-17,2.77555756156289e-17,6.93889390390723e-17,1.79593065426465e-15,6.68753519960626e-05,6.85882807157292e-05,9.90156818108529e-06,0.000402884435346345,0.000373093942415839,0.000140689432520477
0.113,0.0918615186165386,1.94289029309402e-16,-0,1.45292729351339,1.57399739037659,0.19675757171575,0.973908976661797,0.149981809185543,0.151148038020813,9.99200722162641e-16,1.22124532708767e-15,7.7715611723761e-16,5.20417042793042e-17,2.77555756156289e-17,6.93889390390723e-17,1.76128004544612e-15,7.49936392292963e-05,7.65567091835197e-05,7.84648011233999e-06,0.000443863993619927,0.000417036840068993,0.000149273914011237
0.114,0.0918615186165388,4.16333634234434e-17,-0,1.42517738970988,1.55150968031768,0.174797770084763,0.974658602862356,0.14863301374638,0.149676277008701,8.88178419700125e-16,1.22124532708767e-15,6.66133814775094e-16,5.55111512312578e-17,2.77555756156289e-17,6.93889390390723e-17,1.65308862378611e-15,8.38326857158486e-05,8.54552455919758e-05,5.87194119274035e-06,0.000485999320100583,0.000464378207151468,0.000158625459279835
0.115,0.0918615186165387,4.16333634234434e-17,-0,1.38475331719105,1.514345215028,0.152976502964493,0.975355753730891,0.147308385506243,0.148223791562045,8.88178419700125e-16,1.22124532708767e-15,6.66133814775094e-16,5.55111512312578e-17,2.77555756156289e-17,8.32667268468867e-17,1.65372927682553e-15,9.38767907125491e-05,9.4479193377302e-05,3.05219901828148e-06,0.00052868212062447,0.000513662266610866,0.000168478991909996
0.116,0.0918615186165388,8.32667268468867e-17,-0,1.32716528723712,1.46749820555197,0.13183798496748,0.975997768760151,0.14602318076889,0.146803368793801,8.88178419700125e-16,1.22124532708767e-15,6.66133814775094e-16,5.3776427755281e-17,2.77555756156289e-17,6.93889390390723e-17,1.65303128051533e-15,0.000103891023074832,0.000104403278633048,1.18687771322553e-06,0.000570544666078166,0.000563692441888692,0.000178563862438666
0.117,0.0918615186165387,0,-0,1.25836402815948,1.41002435328196,0.111790972857883,0.976583509008778,0.144791464267046,0.145426519234462,8.88178419700125e-16,1.22124532708767e-15,6.66133814775094e-16,5.55111512312578e-17,1.38777878078145e-17,6.93889390390723e-17,1.65291385713465e-15,0.000114415043204117,0.000114221506125922,2.01777483162519e-06,0.000610996275377726,0.000612838030619074,0.000188592906889131
0.118,0.0918615186165387,3.33066907387547e-16,-0,1.18264455921409,1.34626859071384,0.09311436300533,0.977113677408516,0.143624198127747,0.144101500368507,8.88178419700125e-16,1.22124532708767e-15,5.55111512312578e-16,5.72458747072346e-17,2.77555756156289e-17,6.93889390390723e-17,1.61161786173589e-15,0.000125052048876655,0.000123634426966711,4.60137490319419e-06,0.000649689228984236,0.000659990787116432,0.000198240570478955
0.119,0.0918615186165384,4.16333634234434e-17,-0,1.0985075277065,1.28075627570535,0.075828235229951,0.977590235673787,0.142529109501275,0.142833846565521,9.99200722162641e-16,1.22124532708767e-15,5.55111512312578e-16,5.3776427755281e-17,2.77555756156289e-17,5.55111512312578e-17,1.67473424377621e-15,0.00013454639656615,0.000133198423588669,6.03861767151799e-06,0.000684765213781468,0.000704094315785838,0.000207184237270112
0.12,0.0918615186165384,1.38777878078145e-16,-0,1.01032350585051,1.20576393133874,0.0600541479651158,0.97801514766027,0.141513198090359,0.141629943316004,1.11022302462516e-15,1.11022302462516e-15,6.66133814775094e-16,5.55111512312578e-17,1.38777878078145e-17,6.93889390390723e-17,1.70792666521982e-15,0.000143806350522771,0.000141076591049259,8.0602248862204e-06,0.000715983967684327,0.000742366332288277,0.000215085412079295
0.121,0.0918615186165383,2.77555756156289e-17,-0,0.913930834085118,1.11963622939654,0.0457288330366964,0.97838970010796,0.140583949120479,0.140500117845409,9.99200722162641e-16,1.11022302462516e-15,6.66133814775094e-16,5.3776427755281e-17,4.16333634234434e-17,6.93889390390723e-17,1.63834415577376e-15,0.000151261432805295,0.000148012194622464,8.94768596217171e-06,0.000741462504585872,0.000774146452551732,0.000221612092277931
0.122,0.0918615186165383,0,-0,0.810246893241427,1.02187796092116,0.0328868448959908,0.978714878319,0.139748743096375,0.13945708157773,1.11022302462516e-15,1.22124532708767e-15,6.66133814775094e-16,5.3776427755281e-17,2.77555756156289e-17,4.16333634234434e-17,1.78133803238968e-15,0.000156698080779073,0.000153450235654143,9.10594193736003e-06,0.000760382456037823,0.000798135861411587,0.00022648711258032
0.123,0.0918615186165383,4.16333634234434e-17,-0,0.704041442837175,0.912689634321848,0.0214447630823603,0.97899201573837,0.139013622025866,0.138512413812716,1.11022302462516e-15,1.22124532708767e-15,6.66133814775094e-16,5.20417042793042e-17,1.38777878078145e-17,5.55111512312578e-17,1.78150273432793e-15,0.000160670864443046,0.000156195976756978,9.38782605657547e-06,0.000772924614919015,0.000813430250889706,0.000229499648674222
0.124,0.0918615186165383,5.55111512312578e-17,-0,0.593951304532876,0.795937294787854,0.0112621004259635,0.979222762981685,0.138382314195703,0.1376760438257,1.11022302462516e-15,1.11022302462516e-15,6.66133814775094e-16,5.3776427755281e-17,2.77555756156289e-17,5.55111512312578e-17,1.70753282606027e-15,0.000161660224576852,0.000157560041456385,8.55504563401544e-06,0.000777945782066349,0.000821066825363624,0.000230535112038518
0.125,0.0918615186165383,9.71445146547012e-17,-0,0.483655259368547,0.670898100569223,0.00189745404668021,0.979408626079224,0.137856735570698,0.136956692417321,9.99200722162641e-16,1.11022302462516e-15,6.66133814775094e-16,5.03069808033274e-17,4.16333634234434e-17,4.16333634234434e-17,1.63729318479692e-15,0.000160644886167953,0.000156406786268594,7.86969986439982e-06,0.000776232481621591,0.00082091464346643,0.000229562799608138
0.126,0.0918615186165384,1.38777878078145e-17,-0,0.374057233003459,0.541133358411291,-0.0070844279422447,0.979550804509503,0.137437527950668,0.136360687290252,9.99200722162641e-16,1.22124532708767e-15,6.66133814775094e-16,5.03069808033274e-17,2.77555756156289e-17,5.55111512312578e-17,1.7146309059086e-15,0.000157729061541589,0.000152847930272134,7.34704066728361e-06,0.00076781306015482,0.000812957386709662,0.00022666233251446
0.127,0.0918615186165384,4.16333634234434e-17,-0,0.266320633156737,0.409366613926831,-0.0160095723599247,0.979650304338311,0.137123269771945,0.135891791870817,9.99200722162641e-16,1.11022302462516e-15,7.7715611723761e-16,5.03069808033274e-17,2.77555756156289e-17,5.55111512312578e-17,1.68563089979519e-15,0.000152158626866403,0.00014819124494841,6.19696142462351e-06,0.000751839692951332,0.00079803157133494,0.000222007730755896
0.128,0.0918615186165383,4.16333634234434e-17,-0,0.160564657242491,0.274247970012771,-0.0251525713686571,0.979707528244757,0.136912047426263,0.13555278678367,9.99200722162641e-16,1.11022302462516e-15,6.66133814775094e-16,5.03069808033274e-17,2.77555756156289e-17,5.55111512312578e-17,1.63741080947065e-15,0.0001456813548936,0.0001412081311739,6.00581244456984e-06,0.000730126781590005,0.000776403706464496,0.000215805711871953
0.129,0.0918615186165383,2.77555756156289e-17,-0,0.05543562199834,0.135725704804161,-0.0352554005896342,0.979721698516178,0.136802674638267,0.135346776977911,9.99200722162641e-16,1.11022302462516e-15,6.66133814775094e-16,4.68375338513738e-17,2.77555756156289e-17,2.77555756156289e-17,1.63660196911093e-15,0.000137680472596507,0.000133260417458334,5.98719673984891e-06,0.000703180675335474,0.000750288362010995,0.000208289713720898
0.13,0.0918615186165382,8.32667268468867e-17,0,-0.0479404998568264,-0.00328821082738293,-0.0471567770573537,0.979690967061668,0.136793485547662,0.135275487589645,9.99200722162641e-16,1.11022302462516e-15,5.55111512312578e-16,4.85722573273506e-17,1.38777878078145e-17,2.77555756156289e-17,1.59451192150896e-15,0.000128459858939366,0.000124761800702558,6.07599141280306e-06,0.000671733195837719,0.000720710851462902,0.000199712358445275
0.131,0.0918615186165383,1.38777878078145e-17,0,-0.147761986932842,-0.140452527049171,-0.0616300891518554,0.979612744538392,0.136881296123746,0.135337787715559,1.11022302462516e-15,1.11022302462516e-15,5.55111512312578e-16,4.85722573273506e-17,1.38777878078145e-17,4.16333634234434e-17,1.6666206269106e-15,0.000119388407627983,0.000114907078858966,7.02957538951482e-06,0.000637114333230621,0.000687151497030938,0.000190315843113776
0.132,0.0918615186165383,2.08166817117217e-16,0,-0.240725277491389,-0.2701235592489,-0.0790718305413373,0.979484331528719,0.137060328721936,0.135528309840629,9.99200722162641e-16,1.11022302462516e-15,5.55111512312578e-16,4.85722573273506e-17,0,2.77555756156289e-17,1.59445152790537e-15,0.000109257990416973,0.000105526539253532,7.53608431379961e-06,0.000598808342426298,0.00065074441955433,0.000180316842282279
0.133,0.0918615186165385,5.55111512312578e-17,0,-0.322183885209039,-0.385094106548771,-0.0997164310666086,0.979303912690851,0.137320741698934,0.135835196167481,9.99200722162641e-16,1.11022302462516e-15,5.55111512312578e-16,4.85722573273506e-17,0,1.38777878078145e-17,1.59427033336773e-15,9.9395908178378e-05,9.56426794146721e-05,8.60810035621523e-06,0.000558046506185351,0.000611173855309451,0.00016990986195299
0.134,0.0918615186165385,1.66533453693773e-16,0,-0.3905840429255,-0.482071487562579,-0.12348826656363,0.979070757295158,0.13764925360772,0.136241607514,9.99200722162641e-16,1.22124532708767e-15,5.55111512312578e-16,4.68375338513738e-17,1.38777878078145e-17,2.77555756156289e-17,1.67366297167478e-15,8.96732412612269e-05,8.58059638705307e-05,9.76194047814878e-06,0.000515379348954612,0.000568771106442331,0.000159288674994186
0.135,0.0918615186165383,8.32667268468867e-17,0,-0.442078892094275,-0.560648698863948,-0.150088954954047,0.97878518032731,0.138030449761236,0.136728403539866,9.99200722162641e-16,1.22124532708767e-15,6.66133814775094e-16,4.5102810375397e-17,1.38777878078145e-17,2.77555756156289e-17,1.71364340507779e-15,7.98711118664787e-05,7.66903511021131e-05,1.02353476898207e-05,0.000471017082028308,0.000524049417291951,0.000148655025374943
0.136,0.0918615186165382,1.11022302462516e-16,0,-0.476987050244846,-0.615135635674374,-0.178856381913882,0.978449168053219,0.138446918960137,0.137273772458005,1.11022302462516e-15,1.11022302462516e-15,5.55111512312578e-16,4.68375338513738e-17,2.77555756156289e-17,2.77555756156289e-17,1.66645540547907e-15,7.08115994393567e-05,6.76902984683521e-05,1.09907107930602e-05,0.000426597227097504,0.000477640196035069,0.000138195810431212
0.137,0.0918615186165384,2.22044604925031e-16,0,-0.488898307023981,-0.640676858750684,-0.209193948291012,0.978067420717641,0.138878231275008,0.137851079443456,9.99200722162641e-16,1.22124532708767e-15,6.66133814775094e-16,4.68375338513738e-17,2.77555756156289e-17,2.77555756156289e-17,1.71385850927766e-15,6.22669728166256e-05,5.93687390246993e-05,1.12580935679934e-05,0.000383205331896343,0.000431133772779086,0.000128100014734117
0.138,0.0918615186165386,1.38777878078145e-16,0,-0.473982312269822,-0.632855134720527,-0.24031606140744,0.977648017431916,0.139300033749014,0.138428838757398,1.11022302462516e-15,1.11022302462516e-15,6.66133814775094e-16,4.85722573273506e-17,2.77555756156289e-17,5.55111512312578e-17,1.70737685121743e-15,5.41243359432099e-05,5.20873727979046e-05,1.09042201083072e-05,0.000342371259636192,0.000385824842958445,0.000118572985168892
0.139,0.0918615186165384,2.77555756156289e-17,0,-0.434729808132716,-0.59253625443412,-0.27138068229637,0.977201585142815,0.139686891009531,0.138974856056703,1.11022302462516e-15,1.11022302462516e-15,6.66133814775094e-16,4.68375338513738e-17,1.38777878078145e-17,4.16333634234434e-17,1.70676426975847e-15,4.72045187185725e-05,4.50636616763448e-05,1.07679468464043e-05,0.000305856030433623,0.000342753348240988,0.000109850175523744
0.14,0.0918615186165384,5.55111512312578e-17,0,-0.369838352484395,-0.524849616446597,-0.301297928290943,0.976740277923437,0.140014713988871,0.139460099140713,9.99200722162641e-16,1.11022302462516e-15,5.55111512312578e-16,4.85722573273506e-17,1.38777878078145e-17,4.16333634234434e-17,1.59481385522148e-15,4.07113794786739e-05,3.94603542491328e-05,9.7426301543474e-06,0.000275191954476823,0.000303996800306353,0.000102197675460882
0.141,0.0918615186165384,5.55111512312578e-17,0,-0.282192631236625,-0.432533980698494,-0.328965803660283,0.976277454324945,0.140260981943313,0.139859637900814,9.99200722162641e-16,1.11022302462516e-15,5.55111512312578e-16,4.68375338513738e-17,0,4.16333634234434e-17,1.59470158029876e-15,3.55454145181399e-05,3.44889351853893e-05,8.53555917138809e-06,0.000252578163892186,0.000271511632697958,9.59075796501147e-05
0.142,0.0918615186165384,0,-0,-0.174976457286452,-0.318670055663533,-0.353122049617514,0.975827263769923,0.140405929279268,0.140152357495703,9.99200722162641e-16,1.22124532708767e-15,6.66133814775094e-16,4.68375338513738e-17,0,4.16333634234434e-17,1.71391469531534e-15,3.13011844534599e-05,3.08541801598476e-05,7.19967515154228e-06,0.000240108136794031,0.000248335832154818,9.12497633152249e-05
0.143,0.0918615186165384,0,0,-0.0486385668841759,-0.190026498348203,-0.372799586858636,0.975403985894008,0.14043245849381,0.140322090369546,9.99200722162641e-16,1.22124532708767e-15,5.55111512312578e-16,4.68375338513738e-17,0,2.77555756156289e-17,1.67360543431264e-15,2.86437751792936e-05,2.82537573528413e-05,5.26013240738814e-06,0.00023840739490296,0.000238716095383253,8.83993635461647e-05
0.144,0.0918615186165384,2.77555756156289e-17,-0,0.0923762386926763,-0.0484954347900643,-0.387262513678464,0.975021485240514,0.140326075257713,0.140357220438765,9.99200722162641e-16,1.22124532708767e-15,6.66133814775094e-16,4.68375338513738e-17,0,1.38777878078145e-17,1.71346515542697e-15,2.70675967036457e-05,2.72271825246893e-05,3.57540251583761e-06,0.000247340942496253,0.000243140873705304,8.73719194520979e-05
0.145,0.0918615186165384,5.55111512312578e-17,-0,0.248170662433334,0.105722015347614,-0.396005120838938,0.974693485435486,0.140074448880235,0.140247492073398,9.99200722162641e-16,1.33226762955019e-15,5.55111512312578e-16,4.85722573273506e-17,1.38777878078145e-17,2.77555756156289e-17,1.75636275870722e-15,2.71824329256625e-05,2.7057034300758e-05,1.66852228070962e-06,0.000264160678433483,0.000260521553878388,8.79809155608689e-05
0.146,0.0918615186165385,0,-0,0.417933385230123,0.272135346148937,-0.398528568455063,0.974433745598844,0.139665856035759,0.139983283696811,9.99200722162641e-16,1.33226762955019e-15,6.66133814775094e-16,4.85722573273506e-17,0,1.38777878078145e-17,1.79433141762628e-15,2.8119245803911e-05,2.804565783543e-05,6.85424085912108e-07,0.000286278093883415,0.000288060438050167,8.98601271370541e-05
0.147,0.0918615186165385,2.77555756156289e-17,-0,0.59951543570413,0.447248367127423,-0.394623588135874,0.974255203706142,0.139090288545782,0.1395565705563,1.11022302462516e-15,1.22124532708767e-15,5.55111512312578e-16,4.85722573273506e-17,1.38777878078145e-17,2.77555756156289e-17,1.74227045363151e-15,2.98065228585081e-05,2.95276606143722e-05,2.33122230641553e-06,0.000312258669155679,0.000321297229225148,9.25438068603255e-05
0.148,0.0918615186165385,1.11022302462516e-16,-0,0.787706566353264,0.630364389891768,-0.384292743462837,0.974168972615533,0.13834094054232,0.13896160552249,1.11022302462516e-15,1.22124532708767e-15,5.55111512312578e-16,4.85722573273506e-17,1.38777878078145e-17,1.38777878078145e-17,1.74210463365839e-15,3.17799274924478e-05,3.12516192349973e-05,3.96750634265204e-06,0.000338700363896598,0.000357413501547239,9.55563063251689e-05
0.149,0.0918615186165386,1.38777878078145e-16,-0,0.980221126340052,0.815821377733008,-0.367934965880713,0.974183646031067,0.137414234641179,0.138195694412415,1.11022302462516e-15,1.22124532708767e-15,5.55111512312578e-16,4.85722573273506e-17,2.77555756156289e-17,1.38777878078145e-17,1.74227045363151e-15,3.37934404556169e-05,3.28808977074851e-05,5.26277725811147e-06,0.000364285062030717,0.000392064102951066,9.84717571794691e-05
0.15,0.0918615186165385,2.08166817117217e-16,-0,1.17379423977664,0.999724183101895,-0.346117074051654,0.974304912276006,0.136309704800609,0.137259357623017,1.11022302462516e-15,1.33226762955019e-15,5.55111512312578e-16,4.85722573273506e-17,1.38777878078145e-17,1.38777878078145e-17,1.82165458922042e-15,3.53688778275683e-05,3.44692976606677e-05,6.18563341783409e-06,0.0003872516602517,0.000422646019314285,0.000100936428877145
0.151,0.0918615186165387,1.38777878078145e-17,-0,1.36335391451594,1.18704384173358,-0.319755504103337,0.974536153771031,0.135029359726431,0.136153507553894,9.99200722162641e-16,1.22124532708767e-15,5.55111512312578e-16,5.03069808033274e-17,2.77555756156289e-17,1.38777878078145e-17,1.67376365729918e-15,3.6774111518247e-05,3.53725458394867e-05,6.86864739658392e-06,0.000405217434375528,0.000447318117783363,0.000102671341277991
0.152,0.0918615186165387,0,-0,1.55502589873265,1.37440064542707,-0.289781501678881,0.974879519225932,0.133574979278241,0.134877054952604,9.99200722162641e-16,1.22124532708767e-15,6.66133814775094e-16,4.85722573273506e-17,2.77555756156289e-17,1.38777878078145e-17,1.71373822984863e-15,3.74336874344079e-05,3.59361948066218e-05,7.17029953803695e-06,0.00041810264363466,0.000463935808223373,0.000103456524789526
0.153,0.0918615186165387,1.38777878078145e-16,-0,1.74319062343181,1.56523916926846,-0.257239522793473,0.975335587690428,0.131948155628106,0.133427795844906,9.99200722162641e-16,1.22124532708767e-15,6.66133814775094e-16,4.85722573273506e-17,2.77555756156289e-17,1.38777878078145e-17,1.71373822984863e-15,3.73480701802572e-05,3.59310383390795e-05,7.30518330178575e-06,0.000424795188712895,0.000472894549443177,0.000103128347758729
0.154,0.0918615186165386,0,-0,1.92522700391253,1.75593615984384,-0.223199583377835,0.975902230018132,0.130152217572111,0.131805035618174,8.88178419700125e-16,1.22124532708767e-15,6.66133814775094e-16,5.20417042793042e-17,2.77555756156289e-17,1.38777878078145e-17,1.65157700919388e-15,3.68618398309333e-05,3.48629624861414e-05,7.51413354430309e-06,0.00042493970226415,0.000474423326702755,0.000101589639112929
0.155,0.0918615186165386,2.77555756156289e-17,-0,2.1055893128058,1.94249612534387,-0.188908028899838,0.976575047441126,0.128191115665853,0.130009044768784,8.88178419700125e-16,1.22124532708767e-15,6.66133814775094e-16,5.03069808033274e-17,4.16333634234434e-17,1.38777878078145e-17,1.6518147703672e-15,3.51127689376898e-05,3.37080036811355e-05,7.48003671007586e-06,0.000419152509880136,0.000467994786676971,9.88270675494194e-05
0.156,0.0918615186165385,0,-0,2.27920481736933,2.13522799409702,-0.155420101878719,0.977348640008341,0.126067790707006,0.128037601967038,8.88178419700125e-16,1.22124532708767e-15,5.55111512312578e-16,5.20417042793042e-17,1.38777878078145e-17,2.77555756156289e-17,1.61000656806515e-15,3.32331230116991e-05,3.13583294377709e-05,7.69533143307396e-06,0.00040640176640267,0.000454526085759303,9.49109397526257e-05
0.157,0.0918615186165385,5.55111512312578e-17,-0,2.45168514427303,2.33164551370691,-0.123697459914592,0.97821689418597,0.123783485971106,0.125885517348105,8.88178419700125e-16,1.22124532708767e-15,6.66133814775094e-16,5.03069808033274e-17,1.38777878078145e-17,2.77555756156289e-17,1.65152325767185e-15,3.04692261487033e-05,2.89190874894506e-05,7.83591288543272e-06,0.000387142608538351,0.00043430616699912,8.99818271904736e-05
0.158,0.0918615186165386,6.24500451351651e-16,-0,2.62586470988164,2.53022804812635,-0.094369007092336,0.979172614732349,0.121337854750768,0.123546184085674,8.88178419700125e-16,1.33226762955019e-15,5.55111512312578e-16,5.20417042793042e-17,1.38777878078145e-17,2.77555756156289e-17,1.69576473516427e-15,2.74624091239514e-05,2.60335539187099e-05,7.69042716332316e-06,0.000362508590625208,0.000407429106376467,8.42309002819619e-05
0.159,0.0918615186165392,1.38777878078145e-16,-0,2.79256159261267,2.73821831300155,-0.0679531819345798,0.980206962662201,0.118730285706605,0.121013084948183,8.88178419700125e-16,1.33226762955019e-15,5.55111512312578e-16,5.20417042793042e-17,2.77555756156289e-17,2.77555756156289e-17,1.69593508602483e-15,2.42763223879953e-05,2.28798405297046e-05,7.75189084793894e-06,0.000332138565960074,0.000376315885043827,7.78887801283666e-05
0.16,0.0918615186165394,2.08166817117217e-16,-0,2.962538300012,2.94294475778601,-0.0445960597672437,0.98130928363208,0.115960416686968,0.118280834392164,8.88178419700125e-16,1.33226762955019e-15,5.55111512312578e-16,5.03069808033274e-17,2.77555756156289e-17,2.77555756156289e-17,1.6958827404462e-15,2.09922319455389e-05,1.9831364494673e-05,7.37364006079985e-06,0.000299231737930177,0.00034150576428744,7.12198707897184e-05
0.161,0.0918615186165392,8.32667268468867e-17,-0,3.12586838216968,3.14696324206647,-0.0242528472715136,0.982466810260081,0.11302900221324,0.115347058248417,8.88178419700125e-16,1.33226762955019e-15,5.55111512312578e-16,5.11743425413158e-17,2.77555756156289e-17,2.77555756156289e-17,1.69590869163416e-15,1.78120146055966e-05,1.69375203060486e-05,7.03367959184913e-06,0.000264639157863337,0.000305482003227476,6.45249990991003e-05
0.162,0.0918615186165392,1.66533453693773e-16,-0,3.27625383643753,3.34260216108215,-0.00681581372198958,0.98366385967559,0.109940518457958,0.11221595134292,8.88178419700125e-16,1.4432899320127e-15,5.55111512312578e-16,5.20417042793042e-17,2.08166817117217e-17,2.08166817117217e-17,1.78428431916875e-15,1.50551154425842e-05,1.42059910702877e-05,6.67035632248221e-06,0.000230909159493689,0.000268928060713673,5.81431532904151e-05
0.163,0.0918615186165391,3.05311331771918e-16,-0,3.42036852932473,3.51466316198969,0.00760368177147019,0.98488233189793,0.106703582362299,0.108898762985164,8.88178419700125e-16,1.33226762955019e-15,5.55111512312578e-16,5.20417042793042e-17,3.46944695195361e-17,2.77555756156289e-17,1.6960628379419e-15,1.26078741711542e-05,1.22071802267919e-05,6.13939876479868e-06,0.000201122062572347,0.000233424380405824,5.2444777530297e-05
0.164,0.0918615186165388,1.38777878078145e-17,-0,3.54193239604742,3.67269918147534,0.019035039557068,0.986103091604236,0.103329968327835,0.105411521850113,8.88178419700125e-16,1.33226762955019e-15,5.55111512312578e-16,5.20417042793042e-17,3.46944695195361e-17,2.08166817117217e-17,1.69596347617137e-15,1.09243000887792e-05,1.06954233624344e-05,5.82057386599941e-06,0.00017921677342074,0.000201933097057922,4.78145616616188e-05
0.165,0.0918615186165388,3.46944695195361e-16,-0,3.64903364994433,3.80509804154932,0.0276180276322562,0.987307114326494,0.0998338573426215,0.101773689109021,8.88178419700125e-16,1.33226762955019e-15,6.66133814775094e-16,5.20417042793042e-17,2.77555756156289e-17,2.77555756156289e-17,1.73544843890417e-15,9.95669265743266e-06,1.0061856131901e-05,5.66487519530788e-06,0.000169639309451714,0.000178265921770499,4.4597707839836e-05
0.166,0.0918615186165384,2.77555756156289e-16,-0,3.74168308223039,3.91072300171807,0.0338477916757169,0.988476587235978,0.0962308331114556,0.0980068331129221,8.88178419700125e-16,1.33226762955019e-15,6.66133814775094e-16,5.11743425413158e-17,2.77555756156289e-17,2.77555756156289e-17,1.7354226454801e-15,9.91734972040569e-06,1.01280500879339e-05,5.53413309893243e-06,0.000175068525547422,0.000166536982400578,4.29941500471229e-05
0.167,0.0918615186165382,3.88578058618805e-16,-0,3.80734493892518,3.99795419878952,0.0383825935974205,0.989595488703746,0.0925384343962105,0.0941341526653176,8.88178419700125e-16,1.33226762955019e-15,6.66133814775094e-16,5.20417042793042e-17,2.77555756156289e-17,3.46944695195361e-17,1.73557328232846e-15,1.0322312282966e-05,1.09707561432061e-05,5.7558774105571e-06,0.000193493093241315,0.000170811359267086,4.29618727318116e-05
0.168,0.0918615186165385,3.05311331771918e-16,-0,3.85690609740011,4.0496673634362,0.0420097504429005,0.9906497638046,0.0887772511323341,0.0901821913586664,8.88178419700125e-16,1.33226762955019e-15,6.66133814775094e-16,5.29090660172926e-17,2.77555756156289e-17,2.77555756156289e-17,1.73547466543809e-15,1.15395297427104e-05,1.1992992085856e-05,5.82526903143226e-06,0.000221502431583169,0.000189745599885769,4.4230840142415e-05
0.169,0.0918615186165389,4.16333634234434e-17,-0,3.87969234884969,4.07048265594991,0.0452978481563454,0.991627821588935,0.0849710474660994,0.0861816743913306,7.7715611723761e-16,1.33226762955019e-15,6.66133814775094e-16,5.11743425413158e-17,2.08166817117217e-17,2.77555756156289e-17,1.68120951878215e-15,1.28143061124995e-05,1.35238818303072e-05,5.9495063037781e-06,0.000255158372081283,0.000219843518816437,4.64281169533727e-05
0.17,0.0918615186165388,1.38777878078145e-17,-0,3.8711556421639,4.06679374908291,0.0487999183702752,0.992521511476238,0.0811460276611251,0.0821637658992396,7.7715611723761e-16,1.33226762955019e-15,6.66133814775094e-16,5.29090660172926e-17,2.77555756156289e-17,2.77555756156289e-17,1.68136344664569e-15,1.44210302336454e-05,1.51281163817207e-05,5.90237616681286e-06,0.000291821111921026,0.000257674715385931,4.92122428547947e-05
0.171,0.0918615186165388,2.77555756156289e-17,-0,3.84810239137792,4.02910452675533,0.0530021973188705,0.993326717380033,0.0773278646958012,0.0781566788526281,7.7715611723761e-16,1.33226762955019e-15,6.66133814775094e-16,5.3776427755281e-17,2.08166817117217e-17,4.16333634234434e-17,1.6815770876958e-15,1.62732988270988e-05,1.68709778318089e-05,5.34852274933682e-06,0.000330714328988202,0.000300162704289319,5.23380450384001e-05
0.172,0.0918615186165389,3.19189119579733e-16,-0,3.79336530595952,3.97368404613437,0.0583315675207394,0.994042780115497,0.0735411415934618,0.0741869587269151,7.7715611723761e-16,1.33226762955019e-15,6.66133814775094e-16,5.29090660172926e-17,2.77555756156289e-17,4.16333634234434e-17,1.68164978657521e-15,1.82380194558695e-05,1.87150862911339e-05,4.59655065967142e-06,0.000369791570812536,0.000345621116377489,5.56604226186726e-05
0.173,0.0918615186165392,1.38777878078145e-17,-0,3.71656251586311,3.89092843077916,0.06486205731706,0.99467179279142,0.0698112365351922,0.0702808837991546,7.7715611723761e-16,1.22124532708767e-15,6.66133814775094e-16,5.29090660172926e-17,2.77555756156289e-17,4.16333634234434e-17,1.59513294645765e-15,2.01624664777623e-05,2.07960008445939e-05,3.45903952629195e-06,0.000408155586980273,0.000391682101241819,5.90842593929337e-05
0.174,0.0918615186165392,1.2490009027033e-16,-0,3.62166220104822,3.78150296325634,0.0725294866753031,0.995218437249017,0.066162623616264,0.0664636280844619,7.7715611723761e-16,1.22124532708767e-15,6.66133814775094e-16,5.33427468862868e-17,3.46944695195361e-17,4.85722573273506e-17,1.59547938179176e-15,2.26075329428457e-05,2.24221626532664e-05,1.9758805264179e-06,0.000444866947004845,0.000436946723099294,6.25107499507673e-05
0.175,0.0918615186165391,1.94289029309402e-16,-0,3.49952832198044,3.66083874827609,0.0811984468185559,0.995689696784024,0.0626171487134917,0.0627571963917369,7.7715611723761e-16,1.22124532708767e-15,6.66133814775094e-16,5.33427468862868e-17,2.08166817117217e-17,4.85722573273506e-17,1.59523794016594e-15,2.43648208732667e-05,2.46261997836277e-05,6.00367221520538e-07,0.000478451703648585,0.000480445705655652,6.58319536659679e-05
0.176,0.0918615186165393,4.16333634234434e-17,-0,3.36794771680435,3.51902104946103,0.0908063755450125,0.996094277655481,0.0591938178059203,0.0591791835919545,7.7715611723761e-16,1.33226762955019e-15,6.66133814775094e-16,5.29090660172926e-17,2.77555756156289e-17,4.16333634234434e-17,1.68164978657521e-15,2.66158789610754e-05,2.60701620042276e-05,1.03855507485523e-06,0.000509184347737043,0.00052089912083259,6.89086523257865e-05
0.177,0.0918615186165393,6.93889390390723e-17,-0,3.22214511300401,3.36833381996236,0.100998827811426,0.996441868967088,0.0559076060274713,0.0557433216342414,7.7715611723761e-16,1.22124532708767e-15,6.66133814775094e-16,5.29090660172926e-17,2.77555756156289e-17,4.85722573273506e-17,1.59532913347265e-15,2.83530603508784e-05,2.75417628469192e-05,2.66320729495493e-06,0.000536449173991921,0.000558601771681151,7.15773717823803e-05
0.178,0.0918615186165392,5.55111512312578e-17,-0,3.06656955123616,3.21683774932512,0.11148451626006,0.996742447101333,0.0527685650473334,0.052457694577063,6.66133814775094e-16,1.33226762955019e-15,6.66133814775094e-16,5.29090660172926e-17,2.77555756156289e-17,5.55111512312578e-17,1.63372481901834e-15,2.95904303594672e-05,2.88419540098362e-05,3.8768025459187e-06,0.000559750847403661,0.00059226840921285,7.36795760280492e-05
0.179,0.0918615186165392,1.52655665885959e-16,-0,2.91556879067162,3.06173633247197,0.122163642306521,0.997005697926848,0.0497813633486498,0.0493235991970698,7.7715611723761e-16,1.22124532708767e-15,6.66133814775094e-16,5.29090660172926e-17,2.08166817117217e-17,5.55111512312578e-17,1.59544985195256e-15,3.07987233345501e-05,2.92104859246766e-05,5.10488359783103e-06,0.000578633084368297,0.00062004861356804,7.50521398092093e-05
0.18,0.0918615186165393,5.55111512312578e-17,-0,2.76230929530244,2.91604024989452,0.133161101259188,0.997240545127992,0.046945744511242,0.0463380523448134,6.66133814775094e-16,1.33226762955019e-15,6.66133814775094e-16,5.33427468862868e-17,2.08166817117217e-17,4.85722573273506e-17,1.63341470612507e-15,3.10238195145799e-05,2.95184601236172e-05,5.54942607683175e-06,0.000591937806704899,0.000641081425782534,7.55441019406343e-05
0.181,0.0918615186165394,5.55111512312578e-17,-0,2.6136851657411,2.77277479362761,0.144322203594846,0.997454787805185,0.0442588880649756,0.0434972396379091,6.66133814775094e-16,1.33226762955019e-15,6.66133814775094e-16,5.31259064517897e-17,2.42861286636753e-17,5.20417042793042e-17,1.63356238695894e-15,3.0668016459568e-05,2.91544796983253e-05,5.83958301861516e-06,0.000599298816009348,0.000655192584309084,7.50251409918305e-05
0.182,0.0918615186165394,2.77555756156289e-17,-0,2.47103960874063,2.62767468273232,0.155136693621124,0.997654842134565,0.041717959004541,0.0407989113664225,7.7715611723761e-16,1.22124532708767e-15,7.7715611723761e-16,5.31259064517897e-17,3.12250225675825e-17,5.55111512312578e-17,1.64507211450892e-15,2.99952907283654e-05,2.77725045190413e-05,5.79289690691025e-06,0.000601332836791087,0.000661141931547691,7.34178501220363e-05
0.183,0.0918615186165394,1.38777878078145e-17,-0,2.32661478069357,2.48676348581467,0.164848268393055,0.997845682607669,0.0393198802260598,0.0382430872849525,7.7715611723761e-16,1.22124532708767e-15,7.7715611723761e-16,5.31259064517897e-17,2.77555756156289e-17,5.55111512312578e-17,1.64500991847413e-15,2.80176706850206e-05,2.65189544439652e-05,5.27514633153659e-06,0.000596014169120093,0.000659634892821664,7.07054091876035e-05
0.184,0.0918615186165394,2.77555756156289e-17,-0,2.1902980667226,2.33968795089338,0.172715233090565,0.998030898775036,0.0370611942358584,0.0358312679161576,7.7715611723761e-16,1.22124532708767e-15,7.7715611723761e-16,5.31259064517897e-17,3.12250225675825e-17,5.55111512312578e-17,1.64507211450892e-15,2.59960626183547e-05,2.40836922300176e-05,4.72993699998134e-06,0.000584608619237074,0.000649111278142542,6.69028104486699e-05
0.185,0.0918615186165394,4.16333634234434e-17,-0,2.05805053071837,2.19486590035465,0.177912459668266,0.998212721418268,0.0349376226973419,0.0335639285646702,7.7715611723761e-16,1.22124532708767e-15,7.7715611723761e-16,5.31259064517897e-17,3.46944695195361e-17,5.55111512312578e-17,1.64514162494168e-15,2.32467274067836e-05,2.14314317648967e-05,3.97862000720081e-06,0.000565909807928979,0.000630689620209829,6.20772089234589e-05
0.186,0.0918615186165395,1.2490009027033e-16,-0,1.93167150053256,2.05395381450396,0.179916591377961,0.998392060221747,0.0329424774823384,0.0314398171323663,6.66133814775094e-16,1.22124532708767e-15,8.88178419700125e-16,5.31259064517897e-17,3.12250225675825e-17,6.59194920871187e-17,1.65293014273108e-15,1.99036906417266e-05,1.86986067545375e-05,3.11328837789874e-06,0.000540023305952197,0.000603774929767056,5.63578920402642e-05
0.187,0.0918615186165393,1.38777878078145e-17,-0,1.8149279947011,1.90859174382089,0.178244069023528,0.998568662425672,0.0310690765277125,0.0294584101221813,7.7715611723761e-16,1.11022302462516e-15,8.88178419700125e-16,5.31259064517897e-17,3.46944695195361e-17,6.24500451351651e-17,1.62276115817382e-15,1.68100657892498e-05,1.52936330651167e-05,2.41681929080283e-06,0.000506756787893864,0.000568399199669275,4.99341712600704e-05
0.188,0.0918615186165394,1.2490009027033e-16,-0,1.70036591138227,1.76484371275788,0.172514256486574,0.998741345008456,0.0293119127124513,0.0276209792110787,7.7715611723761e-16,1.11022302462516e-15,8.88178419700125e-16,5.33427468862868e-17,3.46944695195361e-17,5.89805981832114e-17,1.62263845819435e-15,1.33483834258115e-05,1.23118101764339e-05,1.65768867427684e-06,0.000466461751035211,0.000525106770791038,4.30553493404961e-05
0.189,0.0918615186165395,4.16333634234434e-17,-0,1.59362699489689,1.62336062657193,0.162399195041524,0.998908134644595,0.0276648245021831,0.0259269030181174,6.66133814775094e-16,1.11022302462516e-15,8.88178419700125e-16,5.33427468862868e-17,3.81639164714898e-17,6.24500451351651e-17,1.57270221914985e-15,1.01384129371132e-05,9.45276474805246e-06,1.16396932603235e-06,0.000419639327323075,0.000476083783668575,3.60079530120801e-05
0.19,0.0918615186165395,0,-0,1.49731459200943,1.48716640449663,0.147755530407719,0.99906632121073,0.0261200393839483,0.0243712624426247,6.66133814775094e-16,1.11022302462516e-15,8.88178419700125e-16,5.33427468862868e-17,3.46944695195361e-17,6.24500451351651e-17,1.57262185277124e-15,7.53525575289396e-06,6.64641320903333e-06,9.18943808527727e-07,0.00036862310505775,0.000422167016479858,2.90924092213926e-05
0.191,0.0918615186165395,1.38777878078145e-17,-0,1.40812186579424,1.36334275838127,0.128469921589002,0.999212563932016,0.0246681484063341,0.0229459798414603,6.66133814775094e-16,9.99200722162641e-16,7.7715611723761e-16,5.36680075380325e-17,3.81639164714898e-17,6.24500451351651e-17,1.43329854552634e-15,5.00936362656532e-06,4.68958468949004e-06,7.82680918506952e-07,0.000313679547155299,0.000365993240582982,2.25794018405315e-05
0.192,0.0918615186165395,1.38777878078145e-17,-0,1.33184202522224,1.24891341607756,0.104630025458518,0.99934308815132,0.0232988079861823,0.0216404785936605,6.66133814775094e-16,1.11022302462516e-15,7.7715611723761e-16,5.3776427755281e-17,3.12250225675825e-17,6.24500451351651e-17,1.51263609916871e-15,3.2571154429875e-06,2.89044664011509e-06,8.30854911093781e-07,0.000256930784834001,0.00030776332388847,1.66889391389871e-05
0.193,0.0918615186165395,2.77555756156289e-17,-0,1.26687630965996,1.15030889746369,0.0764985544629429,0.999453993985474,0.0220007114311777,0.0204411766373039,6.66133814775094e-16,1.11022302462516e-15,7.7715611723761e-16,5.38306378639053e-17,3.29597460435593e-17,6.24500451351651e-17,1.51267483112662e-15,1.93068295178842e-06,1.61958296919632e-06,9.72122667843751e-07,0.000198761238007563,0.000248446377924977,1.15959245872299e-05
0.194,0.0918615186165395,4.16333634234434e-17,-0,1.21469611306131,1.07056994087021,0.0447021485303115,0.999541654864475,0.0207607193986073,0.0193316214016008,6.66133814775094e-16,1.11022302462516e-15,7.7715611723761e-16,5.38306378639053e-17,3.29597460435593e-17,5.89805981832114e-17,1.51253556901933e-15,9.29694109227284e-07,8.9841482697039e-07,1.11366383996389e-06,0.000140552689918022,0.000188022125712037,7.43083434036844e-06
0.195,0.0918615186165395,1.38777878078145e-17,-0,1.17763129457815,1.0058655121373,0.00995052078773887,0.999603052738828,0.0195651245917007,0.0182941338586414,7.7715611723761e-16,1.11022302462516e-15,6.66133814775094e-16,5.38848479725296e-17,3.12250225675825e-17,5.89805981832114e-17,1.51250069222857e-15,4.46333456577015e-07,3.10392231370221e-07,1.20254471249297e-06,8.49640453932255e-05,0.000127887168007093,4.27255740770997e-06
0.196,0.0918615186165395,2.77555756156289e-17,-0,1.15297327677553,0.961651071077234,-0.0269420981544618,0.999636022392226,0.0184001386014305,0.0173104474474441,6.66133814775094e-16,1.11022302462516e-15,7.7715611723761e-16,5.39390580811538e-17,2.94902990916057e-17,6.07153216591882e-17,1.512536447219e-15,1.37320664521284e-07,1.21236640169668e-07,1.14094494384796e-06,4.52658369356698e-05,7.0984281403918e-05,2.17953297253476e-06
0.197,0.0918615186165395,0,-0,1.1458246963322,0.939167401558352,-0.0650075473530411,0.999639574385218,0.0172498383696118,0.0163599423453454,6.66133814775094e-16,1.22124532708767e-15,6.66133814775094e-16,5.3966163135466e-17,3.12250225675825e-17,5.89805981832114e-17,1.54475717414326e-15,6.36316473151503e-08,7.10456649873638e-08,9.17822246572556e-07,6.19542164225465e-05,3.61269996920665e-05,1.45389036477021e-06
0.198,0.0918615186165395,4.16333634234434e-17,-0,1.15987774827809,0.943151809573414,-0.102994538293019,0.999614287724845,0.01609538764966,0.0154172529519999,5.55111512312578e-16,1.11022302462516e-15,6.66133814775094e-16,5.39932681897781e-17,3.12250225675825e-17,5.89805981832114e-17,1.41132816903186e-15,1.0465302041612e-07,1.44298902023356e-07,5.95891143309535e-07,0.000110107890226533,6.99441204096951e-05,2.2348918302999e-06
0.199,0.0918615186165395,2.77555756156289e-17,-0,1.1962487801361,0.981041501200694,-0.139581683065793,0.99956260076115,0.0149143808166139,0.0144524420735083,5.55111512312578e-16,1.22124532708767e-15,6.66133814775094e-16,5.39526106083099e-17,3.38271077815477e-17,5.89805981832114e-17,1.50028566199795e-15,2.74136653881541e-07,2.85390654705789e-07,4.29715895641315e-07,0.000161629682090134,0.000124896420717269,3.86598663307327e-06
0.2,0.0918615186165395,1.38777878078145e-17,-0,1.26006308291353,1.04857441628656,-0.173359473235074,0.999488815298868,0.0136816958271628,0.0134337101007846,5.55111512312578e-16,1.11022302462516e-15,6.66133814775094e-16,5.39526106083099e-17,3.29597460435593e-17,5.89805981832114e-17,1.4113660597837e-15,5.29066684492578e-07,5.8584184183834e-07,7.15089466119362e-07,0.000212554374927683,0.000181432373961185,6.23988304411717e-06
0.201,0.0918615186165395,1.38777878078145e-17,-0,1.34692319764475,1.14695446896567,-0.203102198977099,0.999398766726714,0.0123727695656435,0.0123299624427694,5.55111512312578e-16,1.22124532708767e-15,7.7715611723761e-16,5.40203732440903e-17,3.38271077815477e-17,5.89805981832114e-17,1.55277228063345e-15,9.95979781703107e-07,1.00899180017181e-06,1.06810551688168e-06,0.0002614683644575,0.000237462525292162,9.33233433046021e-06
0.202,0.0918615186165395,2.77555756156289e-17,-0,1.45436474940822,1.26984017319524,-0.227779609782499,0.999299230844819,0.010965050201175,0.0111146911439347,4.44089209850063e-16,1.22124532708767e-15,6.66133814775094e-16,5.41270993954443e-17,3.25260651745651e-17,5.98479599211998e-17,1.46285990461732e-15,1.59643028063896e-06,1.67373217498339e-06,1.3153722160139e-06,0.000307615491026635,0.000292014794248327,1.30312776434407e-05
0.203,0.0918615186165394,4.16333634234434e-17,-0,1.5825449446062,1.40970026001152,-0.246784336230509,0.999197300554415,0.00943872981013543,0.00976676741063404,5.55111512312578e-16,1.33226762955019e-15,7.7715611723761e-16,5.40961826928695e-17,3.27429056090622e-17,5.91974386177085e-17,1.64151158692153e-15,2.5301232033271e-06,2.41236020179319e-06,1.28995823111986e-06,0.000350747657473435,0.000343654976544726,1.71624179272837e-05
0.204,0.0918615186165394,2.77555756156289e-17,-0,1.72519241539142,1.57081256568081,-0.259640758810344,0.999099971976839,0.00777670505131516,0.0082672891102132,4.44089209850063e-16,1.22124532708767e-15,7.7715611723761e-16,5.41833046637061e-17,3.27971157176865e-17,5.9478653556197e-17,1.51663317823761e-15,3.47068427927109e-06,3.49723701252457e-06,1.08436641989668e-06,0.000389673479139938,0.000391735333414564,2.15277574806881e-05
0.205,0.0918615186165394,1.38777878078145e-17,-0,1.8834520779871,1.74490784981531,-0.266073430937115,0.999013666764763,0.0059633814808493,0.00660068982852536,4.44089209850063e-16,1.33226762955019e-15,7.7715611723761e-16,5.42287433491148e-17,3.2309224740068e-17,5.91974386177085e-17,1.60736208520663e-15,4.75767307644503e-06,4.54395469942298e-06,6.22386701380695e-07,0.000424262480695398,0.000435991447518747,2.59330994285452e-05
0.206,0.0918615186165394,1.38777878078145e-17,-0,2.05330055650596,1.92335911571828,-0.266088549825871,0.998943513120847,0.00398686480344661,0.0047573816289527,4.44089209850063e-16,1.33226762955019e-15,7.7715611723761e-16,5.42575424693215e-17,3.16587034365767e-17,5.94142790522056e-17,1.60735811336048e-15,6.066201225163e-06,5.79468433188312e-06,1.38643254262447e-07,0.000455196766369822,0.000476073786822137,3.02086911531391e-05
0.207,0.0918615186165394,1.38777878078145e-17,-0,2.22410386930709,2.10696465553225,-0.260233756652835,0.998892805323068,0.00184039315136902,0.00273393525538025,4.44089209850063e-16,1.33226762955019e-15,7.7715611723761e-16,5.44337253223504e-17,3.12250225675825e-17,5.89805981832114e-17,1.60733961472404e-15,7.48192043380766e-06,7.06518806578364e-06,8.59898654371332e-07,0.000481492026695862,0.000512892618579748,3.42156233022751e-05
0.208,0.0918615186165394,4.16333634234434e-17,-0,2.40088268859554,2.2863312282285,-0.2492899143039,0.99886289259672,-0.000479552097591318,0.000530563565497756,4.44089209850063e-16,1.33226762955019e-15,7.7715611723761e-16,5.44337253223504e-17,3.03576608295941e-17,5.98479599211998e-17,1.60735506032196e-15,8.87402890298227e-06,8.38647978762753e-06,1.7674228332008e-06,0.000504117016910579,0.00054492362862232,3.7825389206812e-05
0.209,0.0918615186165395,5.55111512312578e-17,-0,2.57711176962945,2.46260236178663,-0.234273605279475,0.998853106517525,-0.0029740492306121,-0.00185044622814618,4.44089209850063e-16,1.33226762955019e-15,8.88178419700125e-16,5.44676066402405e-17,2.94902990916057e-17,5.98479599211998e-17,1.66386037409811e-15,1.04356338650056e-05,9.4276478485731e-06,2.64001883740533e-06,0.000522011579632168,0.000572103584772936,4.09107096419945e-05
0.21,0.0918615186165394,2.77555756156289e-17,-0,2.74517724768052,2.63695975539824,-0.216280598510168,0.998860683398018,-0.00564063110802932,-0.00440452810130889,4.44089209850063e-16,1.33226762955019e-15,8.88178419700125e-16,5.44540541130845e-17,3.03576608295941e-17,5.89805981832114e-17,1.66384455728773e-15,1.14357232388862e-05,1.08460779710744e-05,3.28494941448533e-06,0.000534378554749508,0.000592784277823612,4.3363967981613e-05
0.211,0.0918615186165394,4.16333634234434e-17,-0,2.91466035599994,2.79952002372685,-0.196400138036068,0.998881068999479,-0.00847480894325938,-0.00712612690809169,3.33066907387547e-16,1.33226762955019e-15,7.7715611723761e-16,5.43998440044602e-17,3.12250225675825e-17,5.72458747072346e-17,1.5802068432129e-15,1.28191631906129e-05,1.14105088926374e-05,3.84279863277321e-06,0.000541028240512638,0.000605528996570993,4.51026434993776e-05
0.212,0.0918615186165394,1.38777878078145e-17,-0,3.07254032815226,2.96434119465068,-0.175513804235864,0.998908256724566,-0.0114712141092043,-0.0100110559521225,4.44089209850063e-16,1.33226762955019e-15,7.7715611723761e-16,5.43456338958359e-17,3.29597460435593e-17,5.89805981832114e-17,1.60737126929568e-15,1.34089718889158e-05,1.23130825369276e-05,4.04373258539786e-06,0.000541275366256376,0.000610315492823052,4.60719807883528e-05
0.213,0.0918615186165394,8.32667268468867e-17,-0,3.22457444151559,3.12397773613952,-0.154495275190123,0.998934855873631,-0.0146232013658061,-0.0130560561042106,3.33066907387547e-16,1.33226762955019e-15,7.7715611723761e-16,5.4372738950148e-17,3.12250225675825e-17,6.07153216591882e-17,1.5803354008448e-15,1.38580406751558e-05,1.2683396999443e-05,4.08831773852092e-06,0.000535008618731437,0.000607245726473002,4.62363805005873e-05
0.214,0.0918615186165394,4.16333634234434e-17,-0,3.37054291200993,3.27410634319667,-0.134085010395886,0.998952149148547,-0.0179225803524513,-0.0162564455921927,4.44089209850063e-16,1.33226762955019e-15,7.7715611723761e-16,5.42643187328995e-17,2.94902990916057e-17,6.07153216591882e-17,1.60736571380772e-15,1.40622480355935e-05,1.2520942693903e-05,3.9776796587235e-06,0.000522631594336775,0.000595015919230966,4.55948473776441e-05
0.215,0.0918615186165394,1.38777878078145e-17,-0,3.4967613933644,3.42040715834952,-0.115013627362828,0.998950379219471,-0.0213579273101487,-0.0196042852690854,4.44089209850063e-16,1.33226762955019e-15,6.66133814775094e-16,5.43185288415238e-17,3.12250225675825e-17,6.24500451351651e-17,1.55682755467219e-15,1.3513378640431e-05,1.24429011128604e-05,3.4583092656985e-06,0.000502735777583224,0.000574100765897151,4.41889385123718e-05
0.216,0.0918615186165394,0,-0,3.61294945161437,3.5504124664179,-0.0979576204810634,0.99891929853173,-0.0249149176569192,-0.0230889780962197,4.44089209850063e-16,1.4432899320127e-15,6.66133814775094e-16,5.43185288415238e-17,3.12250225675825e-17,6.24500451351651e-17,1.65283417985246e-15,1.28543453641565e-05,1.17148985548375e-05,3.06507266440157e-06,0.000476239802655165,0.000544633854257132,4.20947632610388e-05
0.217,0.0918615186165394,0,-0,3.71462440388501,3.66977371632061,-0.0835360471440527,0.998848636649604,-0.0285788255188642,-0.026699343219738,4.44089209850063e-16,1.33226762955019e-15,7.7715611723761e-16,5.44269490587723e-17,2.42861286636753e-17,5.89805981832114e-17,1.60721955980001e-15,1.19415733497938e-05,1.06712802796162e-05,2.51944935371052e-06,0.00044358912319588,0.000507656428845827,3.94439818419742e-05
0.218,0.0918615186165394,5.55111512312578e-17,-0,3.79749801853881,3.78645342106415,-0.0720075326985674,0.998728396505217,-0.0323354300409334,-0.0304257067057758,3.33066907387547e-16,1.33226762955019e-15,7.7715611723761e-16,5.44269490587723e-17,2.77555756156289e-17,6.24500451351651e-17,1.58034012320222e-15,1.043367731607e-05,9.86688694252704e-06,2.04815345577113e-06,0.000404829929533936,0.000464597941428567,3.64115381035211e-05
0.219,0.0918615186165394,9.71445146547012e-17,-0,3.87846651815543,3.88969632213353,-0.0631751037361839,0.998549047836258,-0.0361724819009396,-0.0342609968368958,3.33066907387547e-16,1.33226762955019e-15,6.66133814775094e-16,5.46437894932694e-17,2.77555756156289e-17,6.24500451351651e-17,1.52881038215212e-15,9.35922387305592e-06,8.35529546291694e-06,1.81075366107514e-06,0.000361651155420459,0.000416383885618569,3.31847785707935e-05
0.22,0.0918615186165393,1.66533453693773e-16,-0,3.94265523399501,3.99220572042767,-0.0564904204620745,0.998301668239553,-0.0400791099028489,-0.0381984001573214,3.33066907387547e-16,1.33226762955019e-15,7.7715611723761e-16,5.48606299277665e-17,2.08166817117217e-17,5.89805981832114e-17,1.5801151749222e-15,7.83566286944982e-06,7.30919856774565e-06,1.70397673266146e-06,0.000315084843962122,0.000365641545577589,2.99298634884272e-05
0.221,0.0918615186165391,1.38777878078145e-17,-0,3.99484817414503,4.08336252317345,-0.051499314575133,0.997978281303688,-0.0440429549149143,-0.0422282420652721,3.33066907387547e-16,1.33226762955019e-15,6.66133814775094e-16,5.50774703622636e-17,2.08166817117217e-17,6.24500451351651e-17,1.5287157128934e-15,6.56641124860854e-06,6.10654948925864e-06,1.77629472457019e-06,0.000267123932430777,0.000313979774431799,2.67834892375725e-05
0.222,0.0918615186165391,2.08166817117217e-16,-0,4.04076258560598,4.15549354045541,-0.0476141029908859,0.997572279450717,-0.0480507018347268,-0.0463375456156975,3.33066907387547e-16,1.22124532708767e-15,6.66133814775094e-16,5.50774703622636e-17,2.42861286636753e-17,5.89805981832114e-17,1.43290265812651e-15,5.454331401568e-06,4.96339696436678e-06,2.02410286387309e-06,0.000219403845892616,0.00026255289445261,2.38719763711973e-05
0.223,0.0918615186165389,9.71445146547012e-17,-0,4.06375585075644,4.22424770089272,-0.0440103323546824,0.997078763621457,-0.0520883970789604,-0.050512435054804,3.33066907387547e-16,1.33226762955019e-15,6.66133814775094e-16,5.50774703622636e-17,2.08166817117217e-17,5.55111512312578e-17,1.52844797445671e-15,4.3954030464367e-06,4.11047217148531e-06,2.20853851883772e-06,0.000174341307521188,0.000212992706820732,2.13505943867378e-05
0.224,0.091861518616539,1.66533453693773e-16,-0,4.08070540849699,4.26840238065963,-0.0396753598628656,0.996494946346186,-0.056141358709053,-0.0547369836542642,3.33066907387547e-16,1.33226762955019e-15,6.66133814775094e-16,5.55111512312578e-17,2.08166817117217e-17,5.55111512312578e-17,1.52846366354923e-15,3.59617878119358e-06,3.39130704849727e-06,2.41620992210867e-06,0.000136479185222712,0.000167720156005272,1.94629107578933e-05
0.225,0.0918615186165388,1.38777878078145e-17,-0,4.07883038152879,4.29174267196711,-0.0338196653599168,0.995820773348773,-0.0601931832642302,-0.058990350063354,3.33066907387547e-16,1.33226762955019e-15,6.66133814775094e-16,5.55111512312578e-17,2.08166817117217e-17,4.85722573273506e-17,1.5282273872239e-15,3.10883227163544e-06,2.89810613541285e-06,2.50686052782596e-06,0.000113975851141613,0.000132388090845404,1.85448089214382e-05
0.226,0.0918615186165388,2.91433543964104e-16,-0,4.05289615664814,4.29455061258246,-0.0258913055609848,0.99505933544052,-0.0642249020606294,-0.0632479123885262,3.33066907387547e-16,1.33226762955019e-15,5.55111512312578e-16,5.55111512312578e-17,2.08166817117217e-17,5.55111512312578e-17,1.48344723623911e-15,2.92025699491406e-06,2.86729506232659e-06,2.42653548926187e-06,0.000115478304250674,0.000116060781055455,1.89399049470228e-05
0.227,0.0918615186165385,2.35922392732846e-16,-0,4.01500059681111,4.26239624137411,-0.0154918564461494,0.994216902733124,-0.0682163407067915,-0.0674829352890542,3.33066907387547e-16,1.33226762955019e-15,5.55111512312578e-16,5.55111512312578e-17,2.77555756156289e-17,6.24500451351651e-17,1.48383666913582e-15,3.16101647205958e-06,3.23826606705848e-06,2.349226470886e-06,0.000137596669398153,0.000124432654408627,2.08245546010326e-05
0.228,0.0918615186165388,6.93889390390723e-17,-0,3.9493431755465,4.20432084794017,-0.00236601099009282,0.993303122293466,-0.0721465275307158,-0.0716657775390222,4.44089209850063e-16,1.33226762955019e-15,5.55111512312578e-16,5.55111512312578e-17,2.77555756156289e-17,5.55111512312578e-17,1.51236053967111e-15,3.93395119480233e-06,4.02844946578522e-06,2.18368906966937e-06,0.000169752960780139,0.000150758850310186,2.41157461330224e-05
0.229,0.0918615186165388,4.16333634234434e-17,-0,3.85845229799955,4.11351005610601,0.0134094693225785,0.992331241645383,-0.0759922809968948,-0.0757647247603588,3.33066907387547e-16,1.4432899320127e-15,6.66133814775094e-16,5.50774703622636e-17,2.77555756156289e-17,6.24500451351651e-17,1.62648626175858e-15,5.12862840844468e-06,5.23220465625545e-06,2.04467440691244e-06,0.00020458246288213,0.000185941330219663,2.85641042952388e-05
0.23,0.0918615186165388,1.38777878078145e-16,-0,3.75058796923384,3.98561885711527,0.0317025768560397,0.991317533289132,-0.0797304154232719,-0.0797486505469015,4.44089209850063e-16,1.4432899320127e-15,6.66133814775094e-16,5.50774703622636e-17,2.77555756156289e-17,6.24500451351651e-17,1.65279739266431e-15,6.64324158047123e-06,6.87483218242845e-06,2.090500144157e-06,0.000239763072363711,0.000223973746011889,3.38814290287528e-05
0.231,0.0918615186165386,8.32667268468867e-17,-0,3.61336462326926,3.84025421570528,0.0523830841589059,0.990280036659624,-0.0833405052327249,-0.0835905286607396,4.44089209850063e-16,1.4432899320127e-15,6.66133814775094e-16,5.55111512312578e-17,2.77555756156289e-17,6.24500451351651e-17,1.65281190138729e-15,8.69680746377601e-06,8.65338459071227e-06,2.22301415644808e-06,0.000272554381152735,0.000262630730390883,3.9789959663742e-05
0.232,0.0918615186165387,1.80411241501588e-16,-0,3.46420052989488,3.67004107453022,0.0754523102625453,0.989237362756469,-0.0868049762979434,-0.0872699580524822,4.44089209850063e-16,1.4432899320127e-15,5.55111512312578e-16,5.46437894932694e-17,2.77555756156289e-17,6.24500451351651e-17,1.61124367154747e-15,1.08633736176829e-05,1.08613058711615e-05,2.42089174163436e-06,0.000302865564515266,0.000299359404698477,4.60170555143308e-05
0.233,0.0918615186165385,2.22044604925031e-16,-0,3.30025109686305,3.48401622916978,0.100851615958242,0.988207940963661,-0.0901098392210898,-0.0907714625591145,3.33066907387547e-16,1.4432899320127e-15,5.55111512312578e-16,5.55111512312578e-17,2.77555756156289e-17,6.24500451351651e-17,1.58427272013819e-15,1.33285117626101e-05,1.31314242410263e-05,2.51280721730821e-06,0.000329919810870531,0.000333720815154734,5.22896691239194e-05
0.234,0.0918615186165388,4.44089209850063e-16,-0,3.11718909743163,3.28924546265375,0.128389603370637,0.987209763715638,-0.0932433064966449,-0.0940825837497378,3.33066907387547e-16,1.4432899320127e-15,6.66133814775094e-16,5.55111512312578e-17,2.77555756156289e-17,6.24500451351651e-17,1.62650100518226e-15,1.58795515269543e-05,1.54155411432839e-05,2.77836585434022e-06,0.000352868885301934,0.000365278246697579,5.83417065446366e-05
0.235,0.0918615186165383,1.66533453693773e-16,-0,2.92756992076485,3.0746995383776,0.157502605311775,0.986260274538241,-0.0961939545774604,-0.097192678708648,3.33066907387547e-16,1.4432899320127e-15,5.55111512312578e-16,5.46437894932694e-17,2.77555756156289e-17,6.24500451351651e-17,1.58424256589489e-15,1.83148792447021e-05,1.76935052706294e-05,2.87453971974769e-06,0.00037240239865454,0.000392635240147707,6.39307267543989e-05
0.236,0.0918615186165385,4.44089209850063e-16,-0,2.72176170495841,2.85396820937709,0.187463925111712,0.98537576176218,-0.0989519899670476,-0.100092174183025,3.33066907387547e-16,1.55431223447522e-15,6.66133814775094e-16,5.46437894932694e-17,2.08166817117217e-17,5.55111512312578e-17,1.72541447545266e-15,2.05156095697072e-05,1.97829994009105e-05,3.39402888796158e-06,0.000387403380285437,0.000416675970270919,6.88569015770364e-05
0.237,0.0918615186165389,1.94289029309402e-16,-0,2.50936064115962,2.62812280452158,0.217520885049886,0.984570052159837,-0.101510465871672,-0.10277563625003,3.33066907387547e-16,1.4432899320127e-15,6.66133814775094e-16,5.63785129692462e-17,1.38777878078145e-17,4.85722573273506e-17,1.62587946839048e-15,2.26343809169826e-05,2.13377216658e-05,4.12238390092701e-06,0.000398597974553829,0.000437098267494219,7.29772943029913e-05
0.238,0.0918615186165387,3.60822483003176e-16,-0,2.29776684613078,2.4002500551452,0.247119024409454,0.983853523429504,-0.103866283636612,-0.105243293869708,2.22044604925031e-16,1.4432899320127e-15,6.66133814775094e-16,5.46437894932694e-17,2.77555756156289e-17,4.85722573273506e-17,1.60693480686124e-15,2.39603798616292e-05,2.29775751403747e-05,4.99114051461982e-06,0.000406143373060312,0.000453207729894399,7.62077536665203e-05
0.239,0.0918615186165391,0,-0,2.08368324065699,2.1810535335606,0.275713708260732,0.983233024585734,-0.106020663328768,-0.107499097104987,3.33066907387547e-16,1.55431223447522e-15,6.66133814775094e-16,5.46437894932694e-17,2.08166817117217e-17,4.85722573273506e-17,1.72520517283378e-15,2.53555739006839e-05,2.36775909172747e-05,6.05468623770834e-06,0.000408805225468884,0.000464438691600739,7.85113211464142e-05
0.24,0.0918615186165391,2.22044604925031e-16,-0,1.87682753098964,1.96377187271593,0.302745094486233,0.982712476268694,-0.107977478436227,-0.109548507922537,2.22044604925031e-16,1.55431223447522e-15,6.66133814775094e-16,5.55111512312578e-17,2.08166817117217e-17,4.85722573273506e-17,1.70727814791055e-15,2.5920006561811e-05,2.43914932642223e-05,7.05695435501731e-06,0.000406682332896437,0.000469306128605446,7.98828157141991e-05
0.241,0.0918615186165393,8.32667268468867e-17,-0,1.67702238682357,1.75627123279032,0.327561470724194,0.98229284001982,-0.109742619122976,-0.111399120936337,2.22044604925031e-16,1.55431223447522e-15,5.55111512312578e-16,5.63785129692462e-17,2.77555756156289e-17,4.85722573273506e-17,1.6672274268383e-15,2.618300979601e-05,2.4526774852137e-05,7.87837577005415e-06,0.000399741100010539,0.000466770562577993,8.03336493397238e-05
0.242,0.0918615186165394,3.05311331771918e-16,-0,1.48719345950723,1.56359070831906,0.349682412548076,0.98197162847795,-0.111325583454615,-0.113061705069677,3.33066907387547e-16,1.55431223447522e-15,6.66133814775094e-16,5.63785129692462e-17,2.77555756156289e-17,4.85722573273506e-17,1.72535866390357e-15,2.60800204384824e-05,2.41318156370499e-05,8.65005902459923e-06,0.000386962790018591,0.000457641792196943,7.98854266482075e-05
0.243,0.0918615186165391,1.2490009027033e-16,-0,1.31243224834951,1.37969482353078,0.368549569791077,0.981743932302263,-0.112737727313788,-0.114547686237067,3.33066907387547e-16,1.66533453693773e-15,5.55111512312578e-16,5.3776427755281e-17,4.16333634234434e-17,5.55111512312578e-17,1.7888902159885e-15,2.52680032747056e-05,2.36300374978653e-05,9.00403227702309e-06,0.000370230192699055,0.000440706854345589,7.85791977779663e-05
0.244,0.091861518616539,1.52655665885959e-16,-0,1.14873456945316,1.20959830439373,0.383604281543389,0.981603300849747,-0.113990461537209,-0.115867789158654,3.33066907387547e-16,1.66533453693773e-15,5.55111512312578e-16,5.55111512312578e-17,4.16333634234434e-17,5.55111512312578e-17,1.7889432044054e-15,2.42604964819199e-05,2.24916060156096e-05,9.3095292369197e-06,0.000348697734856661,0.000417838040377913,7.65045509418323e-05
0.245,0.0918615186165391,1.2490009027033e-16,-0,1.00044580154425,1.05218701094216,0.394331670233619,0.981541545133862,-0.115096641634825,-0.117032860110384,4.44089209850063e-16,1.66533453693773e-15,5.55111512312578e-16,5.55111512312578e-17,5.55111512312578e-17,6.93889390390723e-17,1.81374776030402e-15,2.27717354103959e-05,2.1225076040293e-05,9.36037761044515e-06,0.000323512461462889,0.000388501051806268,7.38352575728805e-05
0.246,0.091861518616539,5.55111512312578e-17,-0,0.868141048803491,0.906176221776033,0.400337621780332,0.981549173242101,-0.116069525285354,-0.118054077159995,3.33066907387547e-16,1.66533453693773e-15,5.55111512312578e-16,5.20417042793042e-17,6.93889390390723e-17,9.71445146547012e-17,1.79147472669559e-15,2.11133876562367e-05,1.98399587343536e-05,9.1074546094114e-06,0.000295237766099309,0.000353243002277682,7.08469763646074e-05
0.247,0.0918615186165389,5.55111512312578e-17,-0,0.747946305172967,0.770465750020732,0.401198016704155,0.98161639395059,-0.116921729195688,-0.118940316214664,4.44089209850063e-16,1.55431223447522e-15,5.55111512312578e-16,5.3776427755281e-17,4.16333634234434e-17,6.93889390390723e-17,1.71192599303813e-15,1.94358625015406e-05,1.84786548597376e-05,8.7992338851649e-06,0.000265067730865165,0.000313810012786919,6.79199906578617e-05
0.248,0.0918615186165389,1.2490009027033e-16,-0,0.639190374169446,0.63799874403849,0.39661772289671,0.981734006954711,-0.11766373652847,-0.119696337042207,4.44089209850063e-16,1.55431223447522e-15,5.55111512312578e-16,5.20417042793042e-17,8.32667268468867e-17,8.32667268468867e-17,1.71400862723338e-15,1.81399943155186e-05,1.73745548929809e-05,8.24062841274687e-06,0.000236295165444335,0.000273330196910227,6.55321195425779e-05
0.249,0.091861518616539,5.55111512312578e-17,-0,0.53865700282102,0.508509510231554,0.386410379772756,0.981893461855838,-0.11830329265564,-0.120324147068387,3.33066907387547e-16,1.55431223447522e-15,5.55111512312578e-16,5.3776427755281e-17,6.93889390390723e-17,8.32667268468867e-17,1.68807848010123e-15,1.72260300771553e-05,1.71713441581938e-05,7.47014136121474e-06,0.000213796407607753,0.000236364125406401,6.42373760239138e-05
0.25,0.091861518616539,1.38777878078145e-17,-0,0.446970939820693,0.383811167518238,0.370686697571888,0.982086106060589,-0.118847841430942,-0.120825582393876,3.33066907387547e-16,1.66533453693773e-15,5.55111512312578e-16,5.3776427755281e-17,5.55111512312578e-17,8.32667268468867e-17,1.79034304414244e-15,1.76430499106651e-05,1.76288685636286e-05,6.80358216669526e-06,0.000203233858567529,0.000210644966717539,6.45874828449509e-05
0.251,0.091861518616539,1.38777878078145e-16,-0,0.36650677241397,0.267359496211673,0.349690187169481,0.982302525843686,-0.119305856775404,-0.121205651406303,3.33066907387547e-16,1.55431223447522e-15,5.55111512312578e-16,5.20417042793042e-17,5.55111512312578e-17,8.32667268468867e-17,1.68751060821351e-15,1.91734139073734e-05,1.97318057538551e-05,5.79020430204434e-06,0.000210476672495175,0.000203840770380129,6.69956938625745e-05
0.252,0.0918615186165388,4.16333634234434e-17,-0,0.298927744864203,0.166082665451398,0.324012767967582,0.982532317099451,-0.119687775381221,-0.121474660565632,4.44089209850063e-16,1.55431223447522e-15,5.55111512312578e-16,5.3776427755281e-17,6.93889390390723e-17,8.32667268468867e-17,1.71344408035087e-15,2.24550925184002e-05,2.29652160140064e-05,4.96565353833765e-06,0.000235001038974521,0.000220009571633768,7.16125859936754e-05
0.253,0.0918615186165389,1.38777878078145e-16,-0,0.246724881111681,0.0811136556189305,0.294441727668378,0.982764717943983,-0.12000659641131,-0.121646684829849,3.33066907387547e-16,1.66533453693773e-15,5.55111512312578e-16,5.3776427755281e-17,6.93889390390723e-17,6.93889390390723e-17,1.79023546767467e-15,2.6865146311372e-05,2.7853506736129e-05,4.18647894477356e-06,0.00027275150881485,0.00025452064560303,7.82973992047134e-05
0.254,0.0918615186165387,1.38777878078145e-16,-0,0.207414677543359,0.013734527079287,0.261822495120142,0.98298970410368,-0.120275307146469,-0.121737751050856,3.33066907387547e-16,1.66533453693773e-15,5.55111512312578e-16,5.55111512312578e-17,5.55111512312578e-17,8.32667268468867e-17,1.79039598956156e-15,3.30326974602934e-05,3.34571477842716e-05,3.28557910659592e-06,0.000318863414342274,0.000300352752554901,8.66917190074392e-05
0.255,0.0918615186165386,1.11022302462516e-16,-0,0.182176533776344,-0.0359948675360447,0.226964322537394,0.983198393420158,-0.120506570214668,-0.121764631383731,4.44089209850063e-16,1.66533453693773e-15,5.55111512312578e-16,5.55111512312578e-17,5.55111512312578e-17,8.32667268468867e-17,1.81433168438041e-15,3.95957694931067e-05,4.06800143688503e-05,2.795924274028e-06,0.000368576550786791,0.000351540551766367,9.63487573771849e-05
0.256,0.0918615186165385,0,-0,0.171381705421593,-0.064634933412047,0.190956800612702,0.983382820984873,-0.120714119549655,-0.121746094242137,4.44089209850063e-16,1.66533453693773e-15,5.55111512312578e-16,5.72458747072346e-17,4.16333634234434e-17,8.32667268468867e-17,1.81401403308948e-15,4.75760090405494e-05,4.81074411396468e-05,2.24876486905024e-06,0.000418670916647281,0.000403444474552098,0.000106814594131272
0.257,0.0918615186165385,8.32667268468867e-17,-0,0.176318437873513,-0.0692256042916944,0.155008273450896,0.983535974319978,-0.12091275542498,-0.121704611285621,4.44089209850063e-16,1.55431223447522e-15,5.55111512312578e-16,5.72458747072346e-17,4.16333634234434e-17,6.93889390390723e-17,1.71203849011302e-15,5.58040891268617e-05,5.63974885642911e-05,2.09434331788e-06,0.000467080249587114,0.000453280114104303,0.000117675412287707
0.258,0.0918615186165386,5.55111512312578e-17,-0,0.197768813475255,-0.0509134393400779,0.12050100954701,0.983652448508302,-0.121118533868661,-0.121663581569373,3.33066907387547e-16,1.55431223447522e-15,5.55111512312578e-16,5.72458747072346e-17,5.55111512312578e-17,8.32667268468867e-17,1.68767911761087e-15,6.43595405328048e-05,6.50225462928163e-05,2.53637138434543e-06,0.000511589568541056,0.000500482979722584,0.000128595990945501
0.259,0.0918615186165385,0,-0,0.235949466170679,-0.0103028224279428,0.0886207867865958,0.983728717194127,-0.121348313443984,-0.121646006995668,3.33066907387547e-16,1.55431223447522e-15,4.44089209850063e-16,5.89805981832114e-17,4.16333634234434e-17,6.93889390390723e-17,1.65349998068167e-15,7.32583471967204e-05,7.35585304049634e-05,2.88625022655339e-06,0.000552910107346279,0.000544300268129619,0.000139304825884641
0.26,0.0918615186165385,6.93889390390723e-17,-0,0.291364217329896,0.0563798906235873,0.0602594616286296,0.983762559905225,-0.121619507029601,-0.121676610677063,3.33066907387547e-16,1.66533453693773e-15,5.55111512312578e-16,5.89805981832114e-17,4.16333634234434e-17,6.93889390390723e-17,1.7895385853871e-15,8.21010936263041e-05,8.20437100427577e-05,3.28038674352932e-06,0.000590013884134166,0.000585786384064486,0.000149607991081834
0.261,0.0918615186165386,6.93889390390723e-17,-0,0.36628155156586,0.146404067951855,0.0359244885637473,0.983752698489137,-0.121950984668494,-0.121780456304279,3.33066907387547e-16,1.66533453693773e-15,5.55111512312578e-16,5.89805981832114e-17,4.16333634234434e-17,6.93889390390723e-17,1.7895385853871e-15,9.03925231076784e-05,9.06462225549859e-05,3.4253236234394e-06,0.00062325482397085,0.000624649173792168,0.000159352480660624
0.262,0.0918615186165385,1.38777878078145e-16,-0,0.458030579604132,0.256442281957555,0.0158284894271938,0.983698911171292,-0.12236134110579,-0.121980064313711,3.33066907387547e-16,1.66533453693773e-15,5.55111512312578e-16,5.89805981832114e-17,2.77555756156289e-17,8.32667268468867e-17,1.78986142104798e-15,9.91816639537389e-05,9.80187265228447e-05,2.5126402794076e-06,0.000652600403851899,0.000660059165607922,0.000168416415869665
0.263,0.0918615186165387,8.32667268468867e-17,-0,0.563863099862054,0.385390870876175,-7.68127825302722e-06,0.983601851725627,-0.122866699153207,-0.122295256697425,2.22044604925031e-16,1.66533453693773e-15,5.55111512312578e-16,5.89805981832114e-17,2.77555756156289e-17,8.32667268468867e-17,1.77256146531947e-15,0.000106525924181794,0.000105787314432717,2.26742591297796e-06,0.000676868179140427,0.000691723185720928,0.000176697960504827
0.264,0.0918615186165386,1.66533453693773e-16,-0,0.68612815659646,0.531164836791749,-0.0116909148396298,0.983462209094384,-0.123482812596402,-0.122744233667093,2.22044604925031e-16,1.66533453693773e-15,5.55111512312578e-16,5.72458747072346e-17,2.77555756156289e-17,8.32667268468867e-17,1.77250459168501e-15,0.000113955382678497,0.000112103906881919,1.90141926351728e-06,0.000696418583949388,0.00071907947604177,0.000184078515000171
0.265,0.0918615186165387,8.32667268468867e-17,-0,0.822389549559172,0.692902703096509,-0.0196859638030905,0.983280129796556,-0.124224923490021,-0.123344110637568,1.11022302462516e-16,1.66533453693773e-15,5.55111512312578e-16,5.89805981832114e-17,1.38777878078145e-17,8.32667268468867e-17,1.76193601314575e-15,0.000120422431593644,0.000117697230430084,3.25027052691731e-06,0.000711625762699341,0.000741799444696477,0.000190446349499969
0.266,0.0918615186165388,5.55111512312578e-17,-0,0.967989833787778,0.866823031111902,-0.0246412598960067,0.983055253097363,-0.125105366852868,-0.124108515085177,2.22044604925031e-16,1.77635683940025e-15,4.44089209850063e-16,5.89805981832114e-17,2.77555756156289e-17,8.32667268468867e-17,1.84746991437079e-15,0.000125539668517564,0.000122713557447764,5.15204501062463e-06,0.000721315477282201,0.000760627440415881,0.000195710856850672
0.267,0.0918615186165388,6.93889390390723e-17,-0,1.12165403954532,1.0423983864865,-0.0272855077534166,0.982786811285405,-0.126132593246728,-0.125044644325319,2.22044604925031e-16,1.66533453693773e-15,4.44089209850063e-16,6.07153216591882e-17,2.77555756156289e-17,8.32667268468867e-17,1.74104802428334e-15,0.000130221078962817,0.000125958160212681,7.83326630240469e-06,0.000727022848409535,0.00077344435578411,0.00019979818040466
0.268,0.0918615186165387,1.66533453693773e-16,-0,1.27316829354909,1.21415237245234,-0.0284390461385701,0.982473907006299,-0.127309199407023,-0.126151564107255,2.22044604925031e-16,1.66533453693773e-15,4.44089209850063e-16,5.89805981832114e-17,0,9.71445146547012e-17,1.74148612411605e-15,0.00013321729000388,0.000128512658061405,1.00353889193216e-05,0.000727456374653148,0.000781749463909966,0.000202625657201088
0.269,0.0918615186165385,6.93889390390723e-17,-0,1.41700768394927,1.3746478845368,-0.0292579338410029,0.982115554333147,-0.128630860131851,-0.127420566487425,2.22044604925031e-16,1.66533453693773e-15,4.44089209850063e-16,5.89805981832114e-17,2.77555756156289e-17,8.32667268468867e-17,1.74098839270651e-15,0.000134829972557817,0.000129822975821148,1.2119017269142e-05,0.000723519068917498,0.000784785489914838,0.000204119462080792
0.27,0.0918615186165385,1.38777878078145e-16,-0,1.5541931067171,1.51795980935957,-0.0308407314829349,0.981710175065952,-0.130088983301721,-0.128838035839853,1.11022302462516e-16,1.66533453693773e-15,4.44089209850063e-16,5.72458747072346e-17,1.38777878078145e-17,6.93889390390723e-17,1.72949842610317e-15,0.000135477050643906,0.0001292853371059,1.42191587109801e-05,0.000715229985911148,0.000781746791023177,0.00020424347004793
0.271,0.0918615186165386,1.11022302462516e-16,-0,1.67554317972655,1.65087045624943,-0.0340042048353216,0.981255434111114,-0.131672170828833,-0.13038913397046,1.11022302462516e-16,1.55431223447522e-15,4.44089209850063e-16,5.72458747072346e-17,4.16333634234434e-17,6.93889390390723e-17,1.62334622067216e-15,0.000134017912693858,0.000128118459268447,1.50332539045571e-05,0.000701733406290986,0.000772594966251921,0.000202985788264386
0.272,0.0918615186165387,1.38777878078145e-16,-0,1.78637978841413,1.76646689660953,-0.0393018448122603,0.980748539149916,-0.13336695751479,-0.132058794882233,1.11022302462516e-16,1.55431223447522e-15,4.44089209850063e-16,5.89805981832114e-17,2.77555756156289e-17,6.93889390390723e-17,1.62311170533314e-15,0.000131385630672247,0.000125254441341663,1.5863731318122e-05,0.000683672681900648,0.000757318560719471,0.000200338199753953
0.273,0.0918615186165386,1.11022302462516e-16,-0,1.8820736417033,1.86546125730574,-0.0473327990472349,0.980186682160206,-0.135158323460881,-0.133830556297984,1.11022302462516e-16,1.66533453693773e-15,4.44089209850063e-16,6.07153216591882e-17,2.77555756156289e-17,8.32667268468867e-17,1.73039601476907e-15,0.000127501847260511,0.000120864398563578,1.62677158636097e-05,0.000661757996318807,0.000736016988927873,0.00019631835359648
0.274,0.0918615186165387,1.11022302462516e-16,-0,1.95702023654674,1.95049047188757,-0.05857466929502,0.97956748658619,-0.137028680271522,-0.13568688311833,1.11022302462516e-16,1.55431223447522e-15,3.33066907387547e-16,6.07153216591882e-17,2.77555756156289e-17,8.32667268468867e-17,1.59703979560368e-15,0.000121521950601791,0.000116097110370078,1.5483529853099e-05,0.000635380033582577,0.00070946021421692,0.000190980648241483
0.275,0.0918615186165388,9.71445146547012e-17,-0,2.01857306805667,2.01765726154284,-0.0731809605373464,0.978888925536077,-0.138959326893519,-0.137611467317347,1.11022302462516e-16,1.55431223447522e-15,3.33066907387547e-16,6.07153216591882e-17,2.77555756156289e-17,6.93889390390723e-17,1.5963763922719e-15,0.000115171508922727,0.000109234815091591,1.51839483192283e-05,0.000605272973220609,0.000676537697861168,0.000184423307991549
0.276,0.0918615186165387,5.55111512312578e-17,-0,2.05999515593864,2.07243760618111,-0.0907898808398599,0.978149686900543,-0.140931799070109,-0.139588854321551,1.11022302462516e-16,1.55431223447522e-15,3.33066907387547e-16,6.07153216591882e-17,0,5.55111512312578e-17,1.59559201454361e-15,0.000107098351380065,0.00010219224273727,1.36192269570137e-05,0.00057089936643318,0.000637406021223596,0.000176802390534557
0.277,0.0918615186165386,8.32667268468867e-17,-0,2.08061314269414,2.11246588475233,-0.110726500490415,0.977350214472451,-0.142926202041861,-0.141603139928123,0,1.66533453693773e-15,4.44089209850063e-16,6.24500451351651e-17,0,4.16333634234434e-17,1.72516309122071e-15,9.84442349401318e-05,9.42595612859594e-05,1.17524248001176e-05,0.000532052412197292,0.000592281757164693,0.000168365132680233
0.278,0.0918615186165386,3.60822483003176e-16,-0,2.0867377332259,2.13391623244146,-0.131984833372673,0.976492877109104,-0.144922765254045,-0.143638445839393,0,1.55431223447522e-15,4.44089209850063e-16,6.41847686111419e-17,1.38777878078145e-17,6.93889390390723e-17,1.61932975360847e-15,8.95643384632437e-05,8.57221677633654e-05,1.01889946225378e-05,0.000490012910229305,0.000541734297750464,0.000159441709793515
0.279,0.0918615186165382,2.08166817117217e-16,-0,2.07134243002716,2.14809675299907,-0.153593651999294,0.975581447755047,-0.146903533012553,-0.145680983720821,1.11022302462516e-16,1.55431223447522e-15,4.44089209850063e-16,6.59194920871187e-17,-1.38777878078145e-17,5.55111512312578e-17,1.6226666818947e-15,8.0388619718001e-05,7.75045999467219e-05,8.04384304256988e-06,0.000445681731985727,0.000489104477676447,0.000150420293492827
0.28,0.0918615186165384,2.77555756156289e-17,-0,2.04317600947976,2.14753576219326,-0.174609759065274,0.974621019063777,-0.14885205505891,-0.147718764136494,-5.55111512312578e-17,1.55431223447522e-15,4.44089209850063e-16,6.76542155630955e-17,-1.38777878078145e-17,5.55111512312578e-17,1.61988715972581e-15,7.16759017178494e-05,6.95254820630363e-05,6.63563808416425e-06,0.000401732360124072,0.000436253628136055,0.000141744663439488
0.281,0.0918615186165384,2.77555756156289e-17,-0,2.00032794431593,2.12960770155041,-0.194189622752535,0.973618724046886,-0.150753192319649,-0.149737525769356,0,1.55431223447522e-15,4.44089209850063e-16,6.76542155630955e-17,0,5.55111512312578e-17,1.61887625510385e-15,6.39945052103229e-05,6.19526773310617e-05,5.68899583313817e-06,0.000359953686245238,0.000386388680443426,0.000133861958023932
0.282,0.0918615186165384,2.77555756156289e-17,-0,1.93639209769116,2.09943156100327,-0.21152954598764,0.9725839977308,-0.152591292518658,-0.151721699796017,-5.55111512312578e-17,1.55431223447522e-15,4.44089209850063e-16,6.59194920871187e-17,0,6.93889390390723e-17,1.62029115925306e-15,5.68795841586976e-05,5.58743703881596e-05,4.73608120627507e-06,0.000323330466186991,0.000342432676503343,0.000127177163811068
0.283,0.0918615186165384,3.46944695195361e-16,-0,1.86354191489507,2.04818785977189,-0.225941055288097,0.971527804790639,-0.154352072501103,-0.153656104776416,0,1.55431223447522e-15,4.44089209850063e-16,6.93889390390723e-17,0,5.55111512312578e-17,1.61894967843864e-15,5.15605942835219e-05,5.04533330484209e-05,4.43567653740986e-06,0.000295025556180108,0.000307902176055168,0.000122011085368748
0.284,0.0918615186165388,8.32667268468867e-17,-0,1.77560013281697,1.98589119089917,-0.236782907217181,0.970461824003212,-0.156024221153819,-0.155526915914721,-5.55111512312578e-17,1.55431223447522e-15,4.44089209850063e-16,6.59194920871187e-17,0,2.77555756156289e-17,1.6190426145937e-15,4.73095818646912e-05,4.67610597333002e-05,3.85024182056063e-06,0.000277724347372973,0.000285831687653055,0.000118560048722719
0.285,0.0918615186165387,1.80411241501588e-16,-0,1.67777293288216,1.91252144362737,-0.243510520493699,0.969397865791025,-0.157598665088309,-0.157323366152703,-1.11022302462516e-16,1.55431223447522e-15,4.44089209850063e-16,6.59194920871187e-17,0,2.77555756156289e-17,1.62189501867521e-15,4.47502922224277e-05,4.42647370293696e-05,3.10764634215547e-06,0.000272452640123272,0.000277352836679574,0.000116869700552286
0.286,0.0918615186165389,5.82867087928207e-16,-0,1.57480899390058,1.82413750888372,-0.245523287456267,0.968348047282669,-0.159068635800639,-0.159035662803711,-1.66533453693773e-16,1.4432899320127e-15,4.44089209850063e-16,6.59194920871187e-17,0,4.16333634234434e-17,1.52122094441953e-15,4.34396933941145e-05,4.32594593194659e-05,2.28819819774206e-06,0.000278576906518073,0.000280778804980803,0.000116822673411226
0.287,0.0918615186165395,8.32667268468867e-17,-0,1.45865336539526,1.7225004917575,-0.24259206439457,0.967325771796999,-0.160427871475728,-0.160651792419467,-1.66533453693773e-16,1.55431223447522e-15,4.44089209850063e-16,7.28583859910259e-17,-1.38777878078145e-17,2.77555756156289e-17,1.62699306978401e-15,4.34973071245446e-05,4.32756089321386e-05,1.02648319875418e-06,0.000292330831182246,0.000293772365882875,0.000118168885904247
0.288,0.0918615186165395,1.66533453693773e-16,-0,1.33069534148504,1.59858273199655,-0.234827496847933,0.966346600933767,-0.161667569585649,-0.162156333343221,-2.22044604925031e-16,1.55431223447522e-15,4.44089209850063e-16,6.93889390390723e-17,0,2.77555756156289e-17,1.63339852821032e-15,4.44303471061691e-05,4.42709622717129e-05,3.79844130251434e-07,0.000310728706786781,0.000311910213448721,0.000120573572956634
0.289,0.0918615186165394,1.11022302462516e-16,-0,1.1894391540625,1.45118742025506,-0.222525745994305,0.9654278179837,-0.162777357831332,-0.163530875020868,-2.77555756156289e-16,1.4432899320127e-15,4.44089209850063e-16,6.93889390390723e-17,-1.38777878078145e-17,2.77555756156289e-17,1.53724300023228e-15,4.59420916866401e-05,4.59455978563568e-05,1.52793898870386e-06,0.000330837976043024,0.000332431501433159,0.000123661601867623
0.29,0.0918615186165395,1.38777878078145e-16,-0,1.03114888596738,1.28407816275449,-0.205944342185026,0.964587226184543,-0.163746705624931,-0.164756731557658,-2.22044604925031e-16,1.4432899320127e-15,4.44089209850063e-16,6.93889390390723e-17,0,2.77555756156289e-17,1.52813286646467e-15,4.81035169449931e-05,4.76171090891997e-05,3.06004519983791e-06,0.000349791977609692,0.000354229857449726,0.000127065967759361
0.291,0.0918615186165394,9.71445146547012e-17,-0,0.859960349929981,1.0930171517539,-0.185468967330614,0.963842744640183,-0.164564315804849,-0.165816058177586,-2.77555756156289e-16,1.4432899320127e-15,3.33066907387547e-16,6.93889390390723e-17,1.38777878078145e-17,2.77555756156289e-17,1.50891828150321e-15,4.99600940145535e-05,4.97558626776594e-05,4.09641262190847e-06,0.00036744054487363,0.000374613887290659,0.000130466378570275
0.292,0.0918615186165393,9.71445146547012e-17,-0,0.673385374256345,0.881537944208218,-0.161550435104299,0.963211928887779,-0.16521929985903,-0.166691047779746,-2.22044604925031e-16,1.55431223447522e-15,3.33066907387547e-16,6.93889390390723e-17,1.38777878078145e-17,2.77555756156289e-17,1.60682969957788e-15,5.20861649885688e-05,5.13738238575091e-05,5.30364159496499e-06,0.000381772696819807,0.000393464803625896,0.000133605352760861
0.293,0.0918615186165392,6.93889390390723e-17,-0,0.47352879492275,0.653531028619543,-0.134801464529352,0.962710668283096,-0.165701664616125,-0.167366277372295,-1.11022302462516e-16,1.55431223447522e-15,3.33066907387547e-16,6.93889390390723e-17,1.38777878078145e-17,2.77555756156289e-17,1.5952817395411e-15,5.38074642645092e-05,5.28801261809354e-05,6.40623139115724e-06,0.000392209728529048,0.000409608699337396,0.000136281419347377
0.294,0.0918615186165391,4.16333634234434e-17,-0,0.264173591684546,0.413627291192623,-0.105842925164493,0.962351895565732,-0.166002596872385,-0.167830934836022,-2.22044604925031e-16,1.55431223447522e-15,2.22044604925031e-16,7.28583859910259e-17,1.38777878078145e-17,2.77555756156289e-17,1.58769186077569e-15,5.51577665566596e-05,5.40695620829438e-05,6.9704645757928e-06,0.000399241337966062,0.000421510723317497,0.000138333037179523
0.295,0.091861518616539,2.77555756156289e-17,0,0.0468703586357156,0.165057909740575,-0.0753983672777051,0.962145263291677,-0.166115598969862,-0.168077190309416,-2.22044604925031e-16,1.55431223447522e-15,2.22044604925031e-16,6.93889390390723e-17,2.77555756156289e-17,1.38777878078145e-17,1.58753643272371e-15,5.61603558637681e-05,5.46511768542893e-05,7.9616821435617e-06,0.000401381845473743,0.000430204057454948,0.00013962827673314
0.296,0.091861518616539,2.77555756156289e-17,0,-0.178021132672048,-0.0899992448739462,-0.044085637814751,0.962097740648968,-0.166034769862773,-0.168098930285867,-1.66533453693773e-16,1.55431223447522e-15,2.22044604925031e-16,7.28583859910259e-17,1.38777878078145e-17,4.16333634234434e-17,1.58118879150102e-15,5.66069420011265e-05,5.47519031758253e-05,8.74227330031725e-06,0.00040029135201212,0.000435041043249366,0.000140064017925966
0.297,0.091861518616539,8.32667268468867e-17,0,-0.407081636503215,-0.345479600614112,-0.0124942450421399,0.962212909686713,-0.165754894580494,-0.167893495966732,-1.11022302462516e-16,1.4432899320127e-15,2.22044604925031e-16,7.28583859910259e-17,1.38777878078145e-17,1.38777878078145e-17,1.46642733078313e-15,5.62792350720479e-05,5.44867241250078e-05,9.47881035731059e-06,0.000396069199387087,0.00043642372158726,0.000139580395960465
0.298,0.0918615186165389,1.38777878078145e-16,0,-0.633234372045169,-0.595031024103434,0.0188231267868916,0.962489312190912,-0.165274776334714,-0.167463570859673,-1.66533453693773e-16,1.4432899320127e-15,2.22044604925031e-16,7.28583859910259e-17,1.38777878078145e-17,2.77555756156289e-17,1.4718676350155e-15,5.5646601728769e-05,5.32957230833267e-05,1.07970482544329e-05,0.00038829488705937,0.000434607749156219,0.000138174271230033
0.299,0.0918615186165388,1.2490009027033e-16,0,-0.85585826753685,-0.833556006654689,0.0491950725171985,0.962921045109192,-0.164596503954677,-0.166816039116719,-1.66533453693773e-16,1.4432899320127e-15,3.33066907387547e-16,6.93889390390723e-17,1.38777878078145e-17,1.38777878078145e-17,1.4922978237252e-15,5.41608310851009e-05,5.19783919056991e-05,1.17217369720879e-05,0.000377987372439302,0.000428420215592555,0.000135907375829063
0.3,0.0918615186165389,0,0,-1.07047588008041,-1.06158053986084,0.0780080724690769,0.963499212251067,-0.163723893359922,-0.165959340840406,-1.66533453693773e-16,1.4432899320127e-15,3.33066907387547e-16,6.93889390390723e-17,1.38777878078145e-17,1.38777878078145e-17,1.4922978237252e-15,5.22749158852766e-05,5.01671829385255e-05,1.28391416983816e-05,0.000364837710292234,0.00041831413828231,0.000132902227228316
